format,strategy,depth,trial,write_time_us,read_time_us,file_size_bytes
json,full,1,0,350,166,3206
json,full,2,0,137,130,2546
json,full,3,0,140,137,3226
json,full,4,0,127,115,2611
json,full,5,0,151,151,3220
json,full,6,0,136,129,3167
json,full,7,0,176,176,3945
json,full,8,0,156,160,3902
json,full,9,0,154,159,3870
json,full,10,0,115,109,2534
json,full,11,0,131,106,2492
json,full,12,0,161,160,3869
json,full,13,0,155,154,3887
json,full,14,0,170,174,3962
json,full,15,0,161,169,3972
json,full,16,0,135,121,2570
json,full,17,0,147,141,3187
json,full,18,0,162,167,3933
json,full,19,0,142,145,3245
json,full,20,0,144,188,3284
json,delta,1,0,169,144,3152
json,delta,2,0,129,241,5631
json,delta,3,0,139,363,8783
json,delta,4,0,122,470,11320
json,delta,5,0,146,3224,14466
json,delta,6,0,158,730,17559
json,delta,7,0,167,896,21430
json,delta,8,0,170,1093,25258
json,delta,9,0,165,1413,29054
json,delta,10,0,133,1383,31506
json,delta,11,0,131,1592,33916
json,delta,12,0,165,1683,37695
json,delta,13,0,166,1954,41491
json,delta,14,0,173,2072,45362
json,delta,15,0,310,2223,49237
json,delta,16,0,134,2292,51710
json,delta,17,0,146,2470,54800
json,delta,18,0,168,2705,58636
json,delta,19,0,154,2871,61784
json,delta,20,0,151,2957,64963
ini,full,1,0,2071,2055,6502
ini,full,2,0,427,256,5043
ini,full,3,0,510,334,6533
ini,full,4,0,427,280,5187
ini,full,5,0,483,326,6493
ini,full,6,0,496,336,6426
ini,full,7,0,579,408,8143
ini,full,8,0,565,409,8071
ini,full,9,0,539,395,8008
ini,full,10,0,407,262,5045
ini,full,11,0,407,256,4979
ini,full,12,0,576,399,8010
ini,full,13,0,559,411,8040
ini,full,14,0,577,403,8176
ini,full,15,0,575,414,8190
ini,full,16,0,409,273,5111
ini,full,17,0,470,338,6489
ini,full,18,0,567,413,8125
ini,full,19,0,493,337,6581
ini,full,20,0,489,348,6628
ini,delta,1,0,472,1410,6502
ini,delta,2,0,446,576,11544
ini,delta,3,0,495,924,18055
ini,delta,4,0,423,1193,23206
ini,delta,5,0,488,1428,29662
ini,delta,6,0,465,1773,36051
ini,delta,7,0,519,2207,44158
ini,delta,8,0,560,2676,52192
ini,delta,9,0,548,3115,60163
ini,delta,10,0,393,3243,65171
ini,delta,11,0,406,3531,70097
ini,delta,12,0,562,3963,78055
ini,delta,13,0,539,4600,86026
ini,delta,14,0,568,4818,94133
ini,delta,15,0,603,5163,102253
ini,delta,16,0,404,5525,107280
ini,delta,17,0,475,5849,113685
ini,delta,18,0,549,6481,121727
ini,delta,19,0,484,7998,128225
ini,delta,20,0,527,6849,134769
binary,full,1,0,164,110,2266
binary,full,2,0,84,89,1761
binary,full,3,0,98,105,2278
binary,full,4,0,84,71,1810
binary,full,5,0,91,94,2278
binary,full,6,0,94,107,2246
binary,full,7,0,104,109,2831
binary,full,8,0,101,107,2806
binary,full,9,0,96,100,2780
binary,full,10,0,80,75,1756
binary,full,11,0,91,79,1730
binary,full,12,0,100,107,2776
binary,full,13,0,99,131,2792
binary,full,14,0,104,106,2840
binary,full,15,0,99,105,2845
binary,full,16,0,84,74,1782
binary,full,17,0,92,99,2255
binary,full,18,0,105,108,2822
binary,full,19,0,88,88,2294
binary,full,20,0,90,90,2319
binary,delta,1,0,106,97,2266
binary,delta,2,0,80,186,4027
binary,delta,3,0,94,265,6294
binary,delta,4,0,102,357,8088
binary,delta,5,0,102,452,10350
binary,delta,6,0,93,502,12580
binary,delta,7,0,106,586,15395
binary,delta,8,0,105,755,18185
binary,delta,9,0,105,789,20949
binary,delta,10,0,83,989,22689
binary,delta,11,0,91,1025,24397
binary,delta,12,0,110,1110,27151
binary,delta,13,0,120,1217,29915
binary,delta,14,0,256,1251,32727
binary,delta,15,0,109,1408,35544
binary,delta,16,0,102,1740,37294
binary,delta,17,0,125,1818,39517
binary,delta,18,0,122,1981,42307
binary,delta,19,0,122,2114,44569
binary,delta,20,0,139,2414,46856
json,full,1,1,303,240,3965
json,full,2,1,215,178,2553
json,full,3,1,327,213,3892
json,full,4,1,200,183,3218
json,full,5,1,163,157,3188
json,full,6,1,155,153,3157
json,full,7,1,307,152,3181
json,full,8,1,147,194,2563
json,full,9,1,197,180,3253
json,full,10,1,197,192,3894
json,full,11,1,240,240,3962
json,full,12,1,222,245,3927
json,full,13,1,186,189,3264
json,full,14,1,153,133,2750
json,full,15,1,140,132,2760
json,full,16,1,143,141,2752
json,full,17,1,159,149,3258
json,full,18,1,140,124,2697
json,full,19,1,157,155,3353
json,full,20,1,133,125,2671
json,delta,1,1,201,197,3905
json,delta,2,1,174,323,6398
json,delta,3,1,176,533,10229
json,delta,4,1,155,603,13378
json,delta,5,1,158,776,16483
json,delta,6,1,168,947,19557
json,delta,7,1,159,1041,22655
json,delta,8,1,138,1281,25135
json,delta,9,1,176,1466,28292
json,delta,10,1,178,1547,32090
json,delta,11,1,172,1744,35946
json,delta,12,1,231,2203,39754
json,delta,13,1,152,2036,42899
json,delta,14,1,187,2204,45530
json,delta,15,1,142,2271,48171
json,delta,16,1,156,2610,50803
json,delta,17,1,195,2758,53927
json,delta,18,1,222,4041,56490
json,delta,19,1,181,3217,59709
json,delta,20,1,163,4241,62240
ini,full,1,1,675,482,8180
ini,full,2,1,467,413,5069
ini,full,3,1,645,451,8052
ini,full,4,1,519,369,6483
ini,full,5,1,499,334,6442
ini,full,6,1,478,330,6417
ini,full,7,1,488,338,6448
ini,full,8,1,383,284,5111
ini,full,9,1,497,374,6570
ini,full,10,1,572,436,8048
ini,full,11,1,566,434,8171
ini,full,12,1,554,427,8085
ini,full,13,1,490,354,6609
ini,full,14,1,413,288,5364
ini,full,15,1,418,289,5397
ini,full,16,1,427,292,5365
ini,full,17,1,487,362,6567
ini,full,18,1,425,295,5281
ini,full,19,1,502,398,6726
ini,full,20,1,463,300,5283
ini,delta,1,1,583,423,8180
ini,delta,2,1,383,728,13234
ini,delta,3,1,562,1138,21271
ini,delta,4,1,484,1504,27739
ini,delta,5,1,473,1945,34149
ini,delta,6,1,487,2226,40513
ini,delta,7,1,508,2649,46907
ini,delta,8,1,441,2838,51964
ini,delta,9,1,507,3250,58480
ini,delta,10,1,624,4199,66453
ini,delta,11,1,678,4191,74549
ini,delta,12,1,587,4443,82541
ini,delta,13,1,506,4878,89036
ini,delta,14,1,428,5192,94286
ini,delta,15,1,443,5463,99569
ini,delta,16,1,414,5536,104820
ini,delta,17,1,478,6001,111273
ini,delta,18,1,415,6247,116418
ini,delta,19,1,489,6481,123007
ini,delta,20,1,420,6962,128154
binary,full,1,1,142,115,2836
binary,full,2,1,86,74,1767
binary,full,3,1,94,101,2795
binary,full,4,1,87,83,2273
binary,full,5,1,87,86,2253
binary,full,6,1,85,83,2234
binary,full,7,1,92,87,2253
binary,full,8,1,80,102,1779
binary,full,9,1,90,85,2297
binary,full,10,1,93,100,2798
binary,full,11,1,91,100,2842
binary,full,12,1,92,135,2817
binary,full,13,1,83,84,2317
binary,full,14,1,81,71,1909
binary,full,15,1,79,139,1915
binary,full,16,1,77,75,1905
binary,full,17,1,89,87,2303
binary,full,18,1,77,71,1879
binary,full,19,1,83,88,2374
binary,full,20,1,76,85,1852
binary,delta,1,1,110,112,2836
binary,delta,2,1,77,485,4598
binary,delta,3,1,104,301,7388
binary,delta,4,1,91,383,9656
binary,delta,5,1,85,482,11898
binary,delta,6,1,93,543,14109
binary,delta,7,1,95,654,16339
binary,delta,8,1,89,669,18095
binary,delta,9,1,88,708,20369
binary,delta,10,1,101,946,23133
binary,delta,11,1,97,1038,25941
binary,delta,12,1,110,1109,28716
binary,delta,13,1,96,1131,30980
binary,delta,14,1,87,1277,32836
binary,delta,15,1,90,1424,34698
binary,delta,16,1,80,1416,36550
binary,delta,17,1,98,1603,38800
binary,delta,18,1,90,1597,40614
binary,delta,19,1,97,1575,42923
binary,delta,20,1,91,1721,44710
json,full,1,2,195,129,2614
json,full,2,2,139,136,3163
json,full,3,2,119,121,2539
json,full,4,2,122,117,2704
json,full,5,2,138,135,3154
json,full,6,2,167,165,3845
json,full,7,2,167,170,3254
json,full,8,2,169,141,2502
json,full,9,2,160,223,2598
json,full,10,2,175,162,3157
json,full,11,2,193,147,2540
json,full,12,2,208,211,3881
json,full,13,2,1101,1964,3891
json,full,14,2,537,1550,3223
json,full,15,2,626,1469,3278
json,full,16,2,417,1641,3282
json,full,17,2,256,1676,2573
json,full,18,2,589,1775,3958
json,full,19,2,340,129,2654
json,full,20,2,172,175,4027
json,delta,1,2,159,150,2560
json,delta,2,2,173,299,5668
json,delta,3,2,155,426,8146
json,delta,4,2,159,543,10789
json,delta,5,2,140,596,13870
json,delta,6,2,208,853,17642
json,delta,7,2,152,1015,20823
json,delta,8,2,152,1174,23252
json,delta,9,2,137,1238,25768
json,delta,10,2,139,1298,28834
json,delta,11,2,136,1440,31283
json,delta,12,2,170,1592,35073
json,delta,13,2,168,1790,38872
json,delta,14,2,170,2035,41993
json,delta,15,2,150,2080,45155
json,delta,16,2,149,2190,48311
json,delta,17,2,132,2335,50758
json,delta,18,2,170,2496,54590
json,delta,19,2,135,2601,57118
json,delta,20,2,175,2768,61019
ini,full,1,2,450,286,5142
ini,full,2,2,499,335,6428
ini,full,3,2,397,266,5041
ini,full,4,2,384,279,5301
ini,full,5,2,446,343,6396
ini,full,6,2,530,447,7978
ini,full,7,2,471,358,6540
ini,full,8,2,402,430,4988
ini,full,9,2,418,277,5145
ini,full,10,2,449,368,6392
ini,full,11,2,407,292,5066
ini,full,12,2,554,444,8035
ini,full,13,2,550,447,8044
ini,full,14,2,455,346,6520
ini,full,15,2,486,366,6609
ini,full,16,2,476,374,6626
ini,full,17,2,404,295,5123
ini,full,18,2,562,454,8166
ini,full,19,2,411,298,5264
ini,full,20,2,568,460,8296
ini,delta,1,2,401,281,5142
ini,delta,2,2,453,647,11570
ini,delta,3,2,449,956,16611
ini,delta,4,2,394,1194,21896
ini,delta,5,2,475,1555,28276
ini,delta,6,2,564,2045,36218
ini,delta,7,2,479,2355,42723
ini,delta,8,2,399,2533,47675
ini,delta,9,2,417,2934,52784
ini,delta,10,2,473,3216,59124
ini,delta,11,2,409,3637,64120
ini,delta,12,2,557,3943,72085
ini,delta,13,2,539,4262,80059
ini,delta,14,2,492,5569,86509
ini,delta,15,2,494,5039,93030
ini,delta,16,2,478,5362,99545
ini,delta,17,2,424,5811,104539
ini,delta,18,2,565,6292,112577
ini,delta,19,2,454,6437,117712
ini,delta,20,2,589,7019,125879
binary,full,1,2,107,89,1810
binary,full,2,2,88,88,2235
binary,full,3,2,85,84,1754
binary,full,4,2,78,74,1870
binary,full,5,2,87,88,2225
binary,full,6,2,94,108,2763
binary,full,7,2,89,89,2305
binary,full,8,2,84,83,1739
binary,full,9,2,83,77,1795
binary,full,10,2,91,93,2233
binary,full,11,2,77,78,1763
binary,full,12,2,98,170,2793
binary,full,13,2,92,115,2793
binary,full,14,2,93,96,2274
binary,full,15,2,93,99,2308
binary,full,16,2,108,123,2322
binary,full,17,2,98,76,1791
binary,full,18,2,103,135,2847
binary,full,19,2,113,107,1843
binary,full,20,2,93,127,2889
binary,delta,1,2,94,86,1810
binary,delta,2,2,92,162,4045
binary,delta,3,2,80,231,5799
binary,delta,4,2,94,322,7664
binary,delta,5,2,85,436,9884
binary,delta,6,2,102,616,12632
binary,delta,7,2,93,624,14922
binary,delta,8,2,96,793,16646
binary,delta,9,2,85,786,18426
binary,delta,10,2,93,869,20637
binary,delta,11,2,87,954,22371
binary,delta,12,2,104,1186,25135
binary,delta,13,2,108,1322,27899
binary,delta,14,2,118,1247,30144
binary,delta,15,2,103,1405,32415
binary,delta,16,2,112,1434,34688
binary,delta,17,2,94,1620,36422
binary,delta,18,2,106,1632,39212
binary,delta,19,2,87,1684,40998
binary,delta,20,2,106,1879,43830
json,full,1,3,224,176,3929
json,full,2,3,142,137,3169
json,full,3,3,124,110,2502
json,full,4,3,144,137,3198
json,full,5,3,145,141,3250
json,full,6,3,156,150,3326
json,full,7,3,154,146,3223
json,full,8,3,123,111,2618
json,full,9,3,138,135,3236
json,full,10,3,136,132,3135
json,full,11,3,138,146,3205
json,full,12,3,151,147,3162
json,full,13,3,151,156,3238
json,full,14,3,164,173,3972
json,full,15,3,139,117,2666
json,full,16,3,133,130,2658
json,full,17,3,170,161,3939
json,full,18,3,168,173,3938
json,full,19,3,135,121,2628
json,full,20,3,176,172,3970
json,delta,1,3,180,182,3875
json,delta,2,3,154,316,6990
json,delta,3,3,137,436,9431
json,delta,4,3,154,569,12554
json,delta,5,3,153,712,15716
json,delta,6,3,166,874,18954
json,delta,7,3,155,1015,22089
json,delta,8,3,134,1122,24619
json,delta,9,3,155,1253,27760
json,delta,10,3,164,1509,30800
json,delta,11,3,156,1639,33903
json,delta,12,3,150,1658,36963
json,delta,13,3,161,1877,40099
json,delta,14,3,179,2008,43968
json,delta,15,3,138,2167,46531
json,delta,16,3,133,2219,49086
json,delta,17,3,177,2430,52922
json,delta,18,3,179,2552,56757
json,delta,19,3,138,2789,59282
json,delta,20,3,174,2836,63149
ini,full,1,3,653,502,8111
ini,full,2,3,578,416,6435
ini,full,3,3,468,301,4973
ini,full,4,3,543,372,6468
ini,full,5,3,616,369,6559
ini,full,6,3,498,371,6673
ini,full,7,3,520,366,6519
ini,full,8,3,411,291,5140
ini,full,9,3,510,384,6535
ini,full,10,3,477,364,6373
ini,full,11,3,507,372,6482
ini,full,12,3,473,350,6413
ini,full,13,3,472,358,6550
ini,full,14,3,576,448,8194
ini,full,15,3,404,289,5235
ini,full,16,3,403,296,5203
ini,full,17,3,559,446,8131
ini,full,18,3,558,453,8131
ini,full,19,3,414,290,5222
ini,full,20,3,567,446,8192
ini,delta,1,3,579,453,8111
ini,delta,2,3,482,798,14546
ini,delta,3,3,402,1061,19519
ini,delta,4,3,492,1421,25971
ini,delta,5,3,509,1764,32492
ini,delta,6,3,485,2152,39107
ini,delta,7,3,495,2470,45568
ini,delta,8,3,406,2755,50649
ini,delta,9,3,477,3233,57125
ini,delta,10,3,517,3935,63424
ini,delta,11,3,523,3759,69832
ini,delta,12,3,472,4202,76157
ini,delta,13,3,484,4416,82619
ini,delta,14,3,564,4925,90724
ini,delta,15,3,446,5288,95869
ini,delta,16,3,425,5613,100982
ini,delta,17,3,587,6063,109024
ini,delta,18,3,577,6557,117065
ini,delta,19,3,442,6941,122197
ini,delta,20,3,581,7179,130300
binary,full,1,3,128,117,2816
binary,full,2,3,88,128,2240
binary,full,3,3,80,73,1730
binary,full,4,3,87,85,2257
binary,full,5,3,93,91,2293
binary,full,6,3,92,91,2353
binary,full,7,3,86,88,2280
binary,full,8,3,77,74,1816
binary,full,9,3,92,96,2289
binary,full,10,3,86,89,2221
binary,full,11,3,85,88,2268
binary,full,12,3,87,90,2242
binary,full,13,3,85,87,2294
binary,full,14,3,97,106,2853
binary,full,15,3,83,76,1848
binary,full,16,3,76,75,1842
binary,full,17,3,99,103,2827
binary,full,18,3,104,109,2828
binary,full,19,3,76,74,1821
binary,full,20,3,91,144,2851
binary,delta,1,3,106,116,2816
binary,delta,2,3,93,198,5056
binary,delta,3,3,80,384,6786
binary,delta,4,3,86,357,9037
binary,delta,5,3,96,452,11313
binary,delta,6,3,85,573,13638
binary,delta,7,3,88,649,15890
binary,delta,8,3,81,746,17678
binary,delta,9,3,98,762,19939
binary,delta,10,3,91,932,22127
binary,delta,11,3,88,956,24362
binary,delta,12,3,111,1121,26566
binary,delta,13,3,102,1108,28822
binary,delta,14,3,106,1334,31637
binary,delta,15,3,99,1390,33447
binary,delta,16,3,85,1419,35251
binary,delta,17,3,101,1545,38040
binary,delta,18,3,116,1524,40830
binary,delta,19,3,90,1699,42613
binary,delta,20,3,99,2014,45426
json,full,1,4,1649,1177,2585
json,full,2,4,925,2871,3943
json,full,3,4,1516,2164,3868
json,full,4,4,918,1014,2595
json,full,5,4,1141,1926,3872
json,full,6,4,998,1119,2624
json,full,7,4,1481,1458,3991
json,full,8,4,418,1825,3155
json,full,9,4,971,955,2700
json,full,10,4,684,1208,2618
json,full,11,4,427,1036,2662
json,full,12,4,795,1979,4029
json,full,13,4,1206,2274,4027
json,full,14,4,870,1525,3237
json,full,15,4,1586,1458,4060
json,full,16,4,1094,1587,3358
json,full,17,4,871,1933,3202
json,full,18,4,607,1226,2653
json,full,19,4,811,1676,3256
json,full,20,4,847,1624,3221
json,delta,1,4,651,1175,2530
json,delta,2,4,187,311,6410
json,delta,3,4,178,434,10215
json,delta,4,4,138,579,12733
json,delta,5,4,172,770,16528
json,delta,6,4,157,906,19068
json,delta,7,4,178,1162,22975
json,delta,8,4,191,1222,26039
json,delta,9,4,142,1348,28635
json,delta,10,4,165,1515,31135
json,delta,11,4,158,1655,33679
json,delta,12,4,185,1934,37590
json,delta,13,4,271,2052,41499
json,delta,14,4,180,2132,44605
json,delta,15,4,179,2351,48521
json,delta,16,4,189,2397,51735
json,delta,17,4,162,2546,54793
json,delta,18,4,136,2593,57302
json,delta,19,4,156,2741,60414
json,delta,20,4,156,2981,63485
ini,full,1,4,2906,322,5081
ini,full,2,4,596,425,8125
ini,full,3,4,576,424,8024
ini,full,4,4,403,305,5129
ini,full,5,4,553,417,8010
ini,full,6,4,428,289,5179
ini,full,7,4,548,432,8227
ini,full,8,4,487,371,6393
ini,full,9,4,403,284,5264
ini,full,10,4,410,298,5177
ini,full,11,4,422,296,5270
ini,full,12,4,584,455,8290
ini,full,13,4,556,428,8288
ini,full,14,4,491,355,6524
ini,full,15,4,585,450,8325
ini,full,16,4,496,368,6739
ini,full,17,4,490,370,6478
ini,full,18,4,424,297,5247
ini,full,19,4,490,368,6587
ini,full,20,4,498,384,6545
ini,delta,1,4,455,3102,5081
ini,delta,2,4,4053,7520,13206
ini,delta,3,4,1474,1140,21212
ini,delta,4,4,433,1460,26323
ini,delta,5,4,568,1891,34293
ini,delta,6,4,416,2208,39433
ini,delta,7,4,607,2636,47606
ini,delta,8,4,487,2913,53944
ini,delta,9,4,423,3225,59138
ini,delta,10,4,427,3551,64224
ini,delta,11,4,427,3740,69382
ini,delta,12,4,570,4278,77559
ini,delta,13,4,577,4669,85734
ini,delta,14,4,486,5012,92145
ini,delta,15,4,596,5438,100336
ini,delta,16,4,509,5728,106920
ini,delta,17,4,493,6038,113243
ini,delta,18,4,419,6381,118336
ini,delta,19,4,500,6895,124768
ini,delta,20,4,502,7088,131158
binary,full,1,4,118,85,1788
binary,full,2,4,103,101,2823
binary,full,3,4,100,98,2781
binary,full,4,4,79,68,1791
binary,full,5,4,96,101,2783
binary,full,6,4,87,73,1813
binary,full,7,4,97,98,2865
binary,full,8,4,105,89,2233
binary,full,9,4,123,93,1866
binary,full,10,4,105,94,1812
binary,full,11,4,116,99,1849
binary,full,12,4,115,132,2894
binary,full,13,4,212,127,2890
binary,full,14,4,109,111,2288
binary,full,15,4,116,127,2911
binary,full,16,4,130,126,2384
binary,full,17,4,103,109,2277
binary,full,18,4,108,86,1845
binary,full,19,4,94,90,2308
binary,full,20,4,86,84,2285
binary,delta,1,4,93,82,1788
binary,delta,2,4,106,189,4611
binary,delta,3,4,110,287,7385
binary,delta,4,4,99,368,9169
binary,delta,5,4,106,465,11933
binary,delta,6,4,88,528,13727
binary,delta,7,4,113,690,16568
binary,delta,8,4,100,734,18777
binary,delta,9,4,89,806,20614
binary,delta,10,4,95,954,22386
binary,delta,11,4,90,899,24183
binary,delta,12,4,104,997,27025
binary,delta,13,4,110,1176,29863
binary,delta,14,4,109,1328,32099
binary,delta,15,4,133,1615,34948
binary,delta,16,4,98,2030,37259
binary,delta,17,4,98,1603,39463
binary,delta,18,4,92,1527,41235
binary,delta,19,4,97,1613,43470
binary,delta,20,4,107,1863,45682
json,full,1,5,665,1530,2547
json,full,2,5,854,1747,2601
json,full,3,5,644,148,2516
json,full,4,5,168,145,2704
json,full,5,5,217,224,3886
json,full,6,5,223,184,3947
json,full,7,5,207,181,3878
json,full,8,5,182,184,3875
json,full,9,5,151,145,2516
json,full,10,5,156,150,3301
json,full,11,5,168,161,3964
json,full,12,5,118,112,2568
json,full,13,5,159,158,3891
json,full,14,5,169,167,3909
json,full,15,5,123,114,2650
json,full,16,5,158,161,3926
json,full,17,5,126,120,2675
json,full,18,5,153,148,3217
json,full,19,5,175,182,3982
json,full,20,5,186,185,4034
json,delta,1,5,189,139,2480
json,delta,2,5,129,226,4999
json,delta,3,5,122,335,7433
json,delta,4,5,134,457,10055
json,delta,5,5,173,666,13859
json,delta,6,5,179,843,17724
json,delta,7,5,176,1022,21520
json,delta,8,5,183,1212,25313
json,delta,9,5,143,1298,27734
json,delta,10,5,172,1504,30940
json,delta,11,5,181,1635,34809
json,delta,12,5,135,1741,37281
json,delta,13,5,185,1928,41076
json,delta,14,5,186,2069,44882
json,delta,15,5,140,2177,47429
json,delta,16,5,185,2385,51245
json,delta,17,5,144,2561,53810
json,delta,18,5,165,2617,56910
json,delta,19,5,184,2852,60775
json,delta,20,5,216,3073,64685
ini,full,1,5,461,272,5043
ini,full,2,5,392,271,5134
ini,full,3,5,1492,3161,5002
ini,full,4,5,2841,2621,5285
ini,full,5,5,4051,4308,8050
ini,full,6,5,589,424,8145
ini,full,7,5,551,407,8015
ini,full,8,5,556,407,8013
ini,full,9,5,378,311,4990
ini,full,10,5,474,354,6618
ini,full,11,5,600,453,8170
ini,full,12,5,418,267,5093
ini,full,13,5,612,446,8036
ini,full,14,5,553,451,8056
ini,full,15,5,445,313,5243
ini,full,16,5,590,426,8107
ini,full,17,5,417,287,5244
ini,full,18,5,494,367,6546
ini,full,19,5,594,449,8212
ini,full,20,5,573,453,8296
ini,delta,1,5,442,271,5043
ini,delta,2,5,1067,580,10155
ini,delta,3,5,404,825,15112
ini,delta,4,5,416,1143,20353
ini,delta,5,5,573,1582,28358
ini,delta,6,5,580,1988,36459
ini,delta,7,5,576,2447,44430
ini,delta,8,5,581,2940,52398
ini,delta,9,5,419,3148,57344
ini,delta,10,5,497,3540,63897
ini,delta,11,5,592,3947,72002
ini,delta,12,5,420,4248,77028
ini,delta,13,5,576,4733,84998
ini,delta,14,5,579,5141,92988
ini,delta,15,5,428,5450,98149
ini,delta,16,5,583,5921,106175
ini,delta,17,5,446,6195,111322
ini,delta,18,5,511,6837,117771
ini,delta,19,5,597,7037,125872
ini,delta,20,5,594,7440,134057
binary,full,1,5,125,357,1759
binary,full,2,5,95,345,1796
binary,full,3,5,89,309,1748
binary,full,4,5,102,320,1876
binary,full,5,5,112,616,2798
binary,full,6,5,104,568,2835
binary,full,7,5,109,596,2788
binary,full,8,5,111,605,2788
binary,full,9,5,92,381,1743
binary,full,10,5,120,99,2339
binary,full,11,5,137,133,2851
binary,full,12,5,86,176,1785
binary,full,13,5,121,131,2799
binary,full,14,5,145,134,2804
binary,full,15,5,203,351,1837
binary,full,16,5,145,152,2819
binary,full,17,5,169,210,1859
binary,full,18,5,88,113,2279
binary,full,19,5,125,136,2858
binary,full,20,5,149,129,2893
binary,delta,1,5,88,76,1759
binary,delta,2,5,80,142,3543
binary,delta,3,5,82,224,5267
binary,delta,4,5,89,300,7119
binary,delta,5,5,112,415,9893
binary,delta,6,5,102,535,12704
binary,delta,7,5,102,598,15468
binary,delta,8,5,109,749,18232
binary,delta,9,5,87,764,19951
binary,delta,10,5,99,869,22255
binary,delta,11,5,112,1035,25071
binary,delta,12,5,95,1213,26821
binary,delta,13,5,106,1150,29585
binary,delta,14,5,108,1329,32354
binary,delta,15,5,102,1342,34151
binary,delta,16,5,101,1409,36930
binary,delta,17,5,92,1470,38744
binary,delta,18,5,101,1682,40978
binary,delta,19,5,108,1816,43786
binary,delta,20,5,110,1784,46629
json,full,1,6,193,133,2654
json,full,2,6,174,171,3874
json,full,3,6,140,142,3153
json,full,4,6,128,122,2517
json,full,5,6,176,193,3924
json,full,6,6,138,139,2760
json,full,7,6,138,136,2644
json,full,8,6,161,148,3258
json,full,9,6,148,143,3187
json,full,10,6,151,147,3213
json,full,11,6,180,160,3294
json,full,12,6,183,185,3917
json,full,13,6,185,187,4019
json,full,14,6,178,186,3956
json,full,15,6,183,176,4024
json,full,16,6,200,199,3942
json,full,17,6,194,173,3251
json,full,18,6,190,170,2682
json,full,19,6,282,194,3935
json,full,20,6,169,142,2590
json,delta,1,6,181,152,2600
json,delta,2,6,184,310,6407
json,delta,3,6,161,476,9486
json,delta,4,6,139,590,11923
json,delta,5,6,181,764,15760
json,delta,6,6,150,953,18433
json,delta,7,6,169,1043,20982
json,delta,8,6,161,1205,24145
json,delta,9,6,167,1297,27237
json,delta,10,6,168,1497,30355
json,delta,11,6,168,1676,33546
json,delta,12,6,191,1830,37350
json,delta,13,6,186,1966,41256
json,delta,14,6,191,2098,45099
json,delta,15,6,201,2488,49010
json,delta,16,6,191,2498,52838
json,delta,17,6,172,2569,55961
json,delta,18,6,143,2703,58515
json,delta,19,6,199,2921,62322
json,delta,20,6,139,2946,64776
ini,full,1,6,482,296,5212
ini,full,2,6,550,437,7991
ini,full,3,6,2901,5314,6400
ini,full,4,6,2761,2296,5006
ini,full,5,6,3636,4165,8103
ini,full,6,6,1471,281,5388
ini,full,7,6,392,278,5238
ini,full,8,6,496,361,6601
ini,full,9,6,486,365,6470
ini,full,10,6,485,358,6519
ini,full,11,6,500,387,6621
ini,full,12,6,614,449,8086
ini,full,13,6,631,476,8287
ini,full,14,6,624,463,8190
ini,full,15,6,600,453,8293
ini,full,16,6,575,437,8151
ini,full,17,6,487,358,6569
ini,full,18,6,424,295,5290
ini,full,19,6,569,438,8147
ini,full,20,6,423,290,5148
ini,delta,1,6,433,284,5212
ini,delta,2,6,549,681,13203
ini,delta,3,6,459,1014,19581
ini,delta,4,6,413,1283,24550
ini,delta,5,6,558,1695,32602
ini,delta,6,6,412,2073,37924
ini,delta,7,6,418,2302,43096
ini,delta,8,6,460,2760,49615
ini,delta,9,6,486,3130,56003
ini,delta,10,6,487,3355,62441
ini,delta,11,6,501,3693,68981
ini,delta,12,6,566,4123,76969
ini,delta,13,6,579,4731,85141
ini,delta,14,6,539,5321,93215
ini,delta,15,6,581,5515,101392
ini,delta,16,6,608,6020,109426
ini,delta,17,6,520,6426,115878
ini,delta,18,6,453,6712,121030
ini,delta,19,6,588,7066,129038
ini,delta,20,6,423,7287,134048
binary,full,1,6,129,305,1833
binary,full,2,6,124,571,2775
binary,full,3,6,127,475,2227
binary,full,4,6,90,368,1744
binary,full,5,6,121,553,2815
binary,full,6,6,96,79,1907
binary,full,7,6,85,69,1828
binary,full,8,6,87,82,2309
binary,full,9,6,93,83,2261
binary,full,10,6,85,84,2271
binary,full,11,6,95,87,2323
binary,full,12,6,93,96,2809
binary,full,13,6,115,101,2884
binary,full,14,6,98,99,2841
binary,full,15,6,94,98,2886
binary,full,16,6,93,94,2831
binary,full,17,6,85,81,2290
binary,full,18,6,91,70,1865
binary,full,19,6,94,100,2827
binary,full,20,6,76,70,1797
binary,delta,1,6,87,74,1833
binary,delta,2,6,105,171,4608
binary,delta,3,6,85,254,6824
binary,delta,4,6,80,323,8552
binary,delta,5,6,96,424,11347
binary,delta,6,6,87,509,13229
binary,delta,7,6,87,569,15032
binary,delta,8,6,94,662,17310
binary,delta,9,6,90,700,19540
binary,delta,10,6,95,899,21780
binary,delta,11,6,102,959,24072
binary,delta,12,6,111,1097,26844
binary,delta,13,6,132,1136,29683
binary,delta,14,6,107,1209,32479
binary,delta,15,6,113,1298,35320
binary,delta,16,6,108,1453,38106
binary,delta,17,6,107,1471,40351
binary,delta,18,6,107,1610,42159
binary,delta,19,6,118,1659,44929
binary,delta,20,6,87,1727,46669
json,full,1,7,218,180,3846
json,full,2,7,129,116,2486
json,full,3,7,129,116,2607
json,full,4,7,145,139,3086
json,full,5,7,167,170,3914
json,full,6,7,128,120,2583
json,full,7,7,124,116,2496
json,full,8,7,154,149,3238
json,full,9,7,131,118,2602
json,full,10,7,166,142,3120
json,full,11,7,173,175,3877
json,full,12,7,187,184,3922
json,full,13,7,160,150,3194
json,full,14,7,172,149,3150
json,full,15,7,136,126,2529
json,full,16,7,159,153,3290
json,full,17,7,136,133,2747
json,full,18,7,189,181,3911
json,full,19,7,193,193,3950
json,full,20,7,167,174,3922
json,delta,1,7,194,186,3792
json,delta,2,7,143,293,6223
json,delta,3,7,128,429,8775
json,delta,4,7,146,549,11806
json,delta,5,7,170,775,15659
json,delta,6,7,137,886,18174
json,delta,7,7,136,1036,20602
json,delta,8,7,163,1104,23772
json,delta,9,7,142,1309,26306
json,delta,10,7,172,1517,29358
json,delta,11,7,218,1564,33160
json,delta,12,7,180,1755,37000
json,delta,13,7,164,1904,40112
json,delta,14,7,168,2045,43180
json,delta,15,7,158,2329,45626
json,delta,16,7,167,2368,48833
json,delta,17,7,146,2421,51484
json,delta,18,7,192,2604,55290
json,delta,19,7,192,2923,59126
json,delta,20,7,181,3186,62926
ini,full,1,7,3393,4052,7967
ini,full,2,7,1901,2533,4954
ini,full,3,7,441,297,5111
ini,full,4,7,477,366,6291
ini,full,5,7,550,450,8094
ini,full,6,7,390,269,5124
ini,full,7,7,420,283,4982
ini,full,8,7,498,367,6557
ini,full,9,7,424,288,5178
ini,full,10,7,451,348,6367
ini,full,11,7,575,450,8017
ini,full,12,7,572,440,8101
ini,full,13,7,482,360,6492
ini,full,14,7,500,357,6419
ini,full,15,7,410,285,5055
ini,full,16,7,507,366,6615
ini,full,17,7,426,292,5364
ini,full,18,7,574,448,8072
ini,full,19,7,588,458,8151
ini,full,20,7,587,455,8100
ini,delta,1,7,591,459,7967
ini,delta,2,7,459,770,12921
ini,delta,3,7,421,1070,18031
ini,delta,4,7,508,1402,24321
ini,delta,5,7,587,1842,32414
ini,delta,6,7,417,2108,37522
ini,delta,7,7,408,2350,42473
ini,delta,8,7,502,2692,48999
ini,delta,9,7,420,2937,54147
ini,delta,10,7,493,3373,60484
ini,delta,11,7,570,3783,68470
ini,delta,12,7,571,4240,76525
ini,delta,13,7,493,4561,82957
ini,delta,14,7,492,4900,89315
ini,delta,15,7,419,5241,94308
ini,delta,16,7,505,5610,100862
ini,delta,17,7,435,5947,106164
ini,delta,18,7,613,6480,114154
ini,delta,19,7,618,6850,122205
ini,delta,20,7,597,7244,130189
binary,full,1,7,138,532,2764
binary,full,2,7,109,305,1724
binary,full,3,7,94,373,1804
binary,full,4,7,99,568,2188
binary,full,5,7,122,611,2804
binary,full,6,7,97,350,1782
binary,full,7,7,98,435,1734
binary,full,8,7,114,481,2287
binary,full,9,7,86,73,1804
binary,full,10,7,84,79,2208
binary,full,11,7,105,104,2779
binary,full,12,7,97,94,2810
binary,full,13,7,100,93,2259
binary,full,14,7,104,94,2234
binary,full,15,7,97,95,1753
binary,full,16,7,99,92,2317
binary,full,17,7,95,87,1893
binary,full,18,7,118,111,2802
binary,full,19,7,119,121,2831
binary,full,20,7,117,103,2815
binary,delta,1,7,102,101,2764
binary,delta,2,7,81,172,4488
binary,delta,3,7,77,239,6292
binary,delta,4,7,94,340,8480
binary,delta,5,7,101,412,11284
binary,delta,6,7,78,470,13061
binary,delta,7,7,79,541,14785
binary,delta,8,7,100,659,17062
binary,delta,9,7,88,732,18856
binary,delta,10,7,100,809,21054
binary,delta,11,7,127,989,23823
binary,delta,12,7,100,1045,26618
binary,delta,13,7,98,1096,28857
binary,delta,14,7,102,1207,31071
binary,delta,15,7,94,1265,32804
binary,delta,16,7,98,1297,35101
binary,delta,17,7,83,1336,36974
binary,delta,18,7,115,1486,39745
binary,delta,19,7,115,1547,42538
binary,delta,20,7,116,1712,45308
json,full,1,8,229,156,3157
json,full,2,8,152,143,3148
json,full,3,8,148,141,3188
json,full,4,8,146,141,3116
json,full,5,8,127,116,2513
json,full,6,8,139,129,2487
json,full,7,8,141,132,2631
json,full,8,8,148,122,2610
json,full,9,8,180,185,3929
json,full,10,8,126,120,2553
json,full,11,8,153,148,3257
json,full,12,8,133,123,2663
json,full,13,8,144,126,2672
json,full,14,8,155,145,3189
json,full,15,8,253,135,2563
json,full,16,8,174,172,3918
json,full,17,8,159,157,3231
json,full,18,8,134,123,2745
json,full,19,8,131,127,2737
json,full,20,8,161,155,3310
json,delta,1,8,183,170,3097
json,delta,2,8,172,317,6178
json,delta,3,8,161,465,9286
json,delta,4,8,164,623,12322
json,delta,5,8,150,744,14755
json,delta,6,8,133,880,17162
json,delta,7,8,138,976,19713
json,delta,8,8,156,1082,22231
json,delta,9,8,189,1296,26054
json,delta,10,8,157,1488,28494
json,delta,11,8,180,1577,31631
json,delta,12,8,151,1665,34174
json,delta,13,8,148,1824,36726
json,delta,14,8,169,1912,39795
json,delta,15,8,156,2189,42238
json,delta,16,8,189,2226,46036
json,delta,17,8,169,2351,49136
json,delta,18,8,144,2474,51743
json,delta,19,8,152,2665,54342
json,delta,20,8,169,2795,57514
ini,full,1,8,537,367,6402
ini,full,2,8,502,365,6395
ini,full,3,8,3808,1854,6442
ini,full,4,8,2837,2975,6346
ini,full,5,8,2434,2057,5007
ini,full,6,8,2417,295,4974
ini,full,7,8,403,287,5160
ini,full,8,8,403,270,5162
ini,full,9,8,580,421,8104
ini,full,10,8,396,292,5065
ini,full,11,8,473,347,6580
ini,full,12,8,427,303,5280
ini,full,13,8,443,293,5289
ini,full,14,8,457,360,6482
ini,full,15,8,419,303,5113
ini,full,16,8,576,463,8095
ini,full,17,8,497,367,6529
ini,full,18,8,442,311,5370
ini,full,19,8,434,286,5384
ini,full,20,8,466,366,6685
ini,delta,1,8,859,422,6402
ini,delta,2,8,460,667,12782
ini,delta,3,8,484,1013,19195
ini,delta,4,8,489,1378,25490
ini,delta,5,8,429,1731,30446
ini,delta,6,8,399,1952,35369
ini,delta,7,8,432,2238,40478
ini,delta,8,8,421,2528,45589
ini,delta,9,8,583,2939,53622
ini,delta,10,8,421,3284,58594
ini,delta,11,8,498,3545,65066
ini,delta,12,8,434,3845,70223
ini,delta,13,8,456,4173,75389
ini,delta,14,8,494,4562,81748
ini,delta,15,8,433,4928,86738
ini,delta,16,8,589,5267,94711
ini,delta,17,8,514,5690,101116
ini,delta,18,8,436,5959,106344
ini,delta,19,8,435,6237,111571
ini,delta,20,8,538,6572,118099
binary,full,1,8,114,91,2231
binary,full,2,8,90,80,2223
binary,full,3,8,87,78,2246
binary,full,4,8,85,83,2208
binary,full,5,8,81,73,1744
binary,full,6,8,81,68,1728
binary,full,7,8,78,72,1824
binary,full,8,8,82,68,1802
binary,full,9,8,104,93,2816
binary,full,10,8,82,70,1771
binary,full,11,8,100,83,2305
binary,full,12,8,90,70,1853
binary,full,13,8,84,70,1854
binary,full,14,8,95,85,2262
binary,full,15,8,91,72,1783
binary,full,16,8,94,545,2816
binary,full,17,8,103,493,2290
binary,full,18,8,103,353,1897
binary,full,19,8,92,344,1899
binary,full,20,8,108,554,2347
binary,delta,1,8,109,94,2231
binary,delta,2,8,92,188,4450
binary,delta,3,8,90,255,6687
binary,delta,4,8,95,338,8875
binary,delta,5,8,82,401,10599
binary,delta,6,8,93,490,12307
binary,delta,7,8,84,589,14111
binary,delta,8,8,95,686,15893
binary,delta,9,8,111,754,18679
binary,delta,10,8,98,814,20408
binary,delta,11,8,104,896,22666
binary,delta,12,8,99,1021,24467
binary,delta,13,8,92,1018,26269
binary,delta,14,8,98,1145,28479
binary,delta,15,8,125,1353,30210
binary,delta,16,8,116,1507,32974
binary,delta,17,8,121,1564,35212
binary,delta,18,8,92,1373,37049
binary,delta,19,8,87,1649,38883
binary,delta,20,8,128,2050,41165
json,full,1,9,259,159,3113
json,full,2,9,160,145,3227
json,full,3,9,180,174,3851
json,full,4,9,130,117,2460
json,full,5,9,182,180,3890
json,full,6,9,146,127,2558
json,full,7,9,200,189,3959
json,full,8,9,174,168,3909
json,full,9,9,173,168,3864
json,full,10,9,131,121,2672
json,full,11,9,177,173,3877
json,full,12,9,129,119,2635
json,full,13,9,174,178,3882
json,full,14,9,183,184,3952
json,full,15,9,134,125,2540
json,full,16,9,161,153,3169
json,full,17,9,152,153,3167
json,full,18,9,158,150,3110
json,full,19,9,185,173,3156
json,full,20,9,197,198,3895
json,delta,1,9,171,146,3059
json,delta,2,9,149,292,6231
json,delta,3,9,177,440,10027
json,delta,4,9,127,555,12432
json,delta,5,9,185,772,16267
json,delta,6,9,138,948,18770
json,delta,7,9,195,1112,22674
json,delta,8,9,188,1257,26516
json,delta,9,9,184,1487,30313
json,delta,10,9,148,1624,32918
json,delta,11,9,192,1725,36728
json,delta,12,9,142,1785,39287
json,delta,13,9,186,1950,43086
json,delta,14,9,187,2176,46955
json,delta,15,9,157,2322,49399
json,delta,16,9,166,2411,52472
json,delta,17,9,163,2534,55543
json,delta,18,9,158,2768,58556
json,delta,19,9,167,3057,61615
json,delta,20,9,191,3060,65413
ini,full,1,9,4504,4471,6324
ini,full,2,9,3550,2955,6529
ini,full,3,9,606,431,7971
ini,full,4,9,421,271,4922
ini,full,5,9,598,451,8041
ini,full,6,9,422,296,5088
ini,full,7,9,591,471,8171
ini,full,8,9,591,464,8058
ini,full,9,9,582,451,7994
ini,full,10,9,428,303,5239
ini,full,11,9,584,445,8033
ini,full,12,9,429,296,5148
ini,full,13,9,590,451,8021
ini,full,14,9,586,458,8159
ini,full,15,9,421,293,5030
ini,full,16,9,504,370,6437
ini,full,17,9,499,370,6436
ini,full,18,9,496,363,6342
ini,full,19,9,500,371,6399
ini,full,20,9,583,457,8049
ini,delta,1,9,513,353,6324
ini,delta,2,9,490,732,12852
ini,delta,3,9,557,1119,20823
ini,delta,4,9,408,1448,25744
ini,delta,5,9,581,1888,33785
ini,delta,6,9,462,2212,38872
ini,delta,7,9,603,2629,47042
ini,delta,8,9,597,3175,55099
ini,delta,9,9,565,3621,63071
ini,delta,10,9,439,3833,68288
ini,delta,11,9,599,4278,76299
ini,delta,12,9,432,4473,81425
ini,delta,13,9,591,4852,89408
ini,delta,14,9,595,5296,97513
ini,delta,15,9,436,5525,102489
ini,delta,16,9,514,5841,108852
ini,delta,17,9,509,6170,115213
ini,delta,18,9,501,6500,121480
ini,delta,19,9,491,6845,127804
ini,delta,20,9,578,7421,135777
binary,full,1,9,119,101,2204
binary,full,2,9,99,95,2282
binary,full,3,9,96,94,2764
binary,full,4,9,82,70,1708
binary,full,5,9,95,97,2790
binary,full,6,9,81,69,1772
binary,full,7,9,104,96,2838
binary,full,8,9,105,106,2801
binary,full,9,9,95,92,2775
binary,full,10,9,79,195,1851
binary,full,11,9,127,688,2785
binary,full,12,9,90,316,1822
binary,full,13,9,105,567,2787
binary,full,14,9,118,652,2835
binary,full,15,9,100,349,1758
binary,full,16,9,98,356,2248
binary,full,17,9,94,476,2248
binary,full,18,9,100,512,2206
binary,full,19,9,103,449,2238
binary,full,20,9,103,108,2798
binary,delta,1,9,101,96,2204
binary,delta,2,9,95,175,4486
binary,delta,3,9,105,282,7250
binary,delta,4,9,86,339,8958
binary,delta,5,9,104,461,11748
binary,delta,6,9,100,532,13520
binary,delta,7,9,106,623,16358
binary,delta,8,9,109,716,19159
binary,delta,9,9,109,872,21923
binary,delta,10,9,94,945,23763
binary,delta,11,9,142,1067,26537
binary,delta,12,9,87,1072,28348
binary,delta,13,9,106,1258,31117
binary,delta,14,9,110,1445,33929
binary,delta,15,9,93,1337,35664
binary,delta,16,9,118,1489,37878
binary,delta,17,9,97,1491,40092
binary,delta,18,9,101,1535,42264
binary,delta,19,9,98,1591,44468
binary,delta,20,9,109,1707,47232
json,full,1,10,194,132,2622
json,full,2,10,155,142,3145
json,full,3,10,180,186,3884
json,full,4,10,163,150,3196
json,full,5,10,184,181,3898
json,full,6,10,188,181,3882
json,full,7,10,186,184,3972
json,full,8,10,137,124,2528
json,full,9,10,207,193,3977
json,full,10,10,184,178,3856
json,full,11,10,143,129,2562
json,full,12,10,157,151,3263
json,full,13,10,156,151,3233
json,full,14,10,139,128,2645
json,full,15,10,134,129,2620
json,full,16,10,152,155,3242
json,full,17,10,137,133,2740
json,full,18,10,186,187,4022
json,full,19,10,134,128,2698
json,full,20,10,132,122,2552
json,delta,1,10,156,128,2568
json,delta,2,10,161,259,5659
json,delta,3,10,172,422,9489
json,delta,4,10,160,604,12623
json,delta,5,10,178,749,16459
json,delta,6,10,183,985,20266
json,delta,7,10,203,1083,24156
json,delta,8,10,140,1274,26602
json,delta,9,10,190,1416,30491
json,delta,10,10,184,1684,34259
json,delta,11,10,157,1768,36733
json,delta,12,10,167,1974,39895
json,delta,13,10,167,1957,43027
json,delta,14,10,152,2207,45571
json,delta,15,10,163,2356,48090
json,delta,16,10,187,2408,51231
json,delta,17,10,145,2538,53864
json,delta,18,10,187,2663,57778
json,delta,19,10,162,2956,60368
json,delta,20,10,147,3028,62805
ini,full,1,10,481,295,5189
ini,full,2,10,468,357,6387
ini,full,3,10,4218,4874,8036
ini,full,4,10,3813,3905,6429
ini,full,5,10,3443,3595,8084
ini,full,6,10,653,484,8008
ini,full,7,10,631,462,8198
ini,full,8,10,428,271,5046
ini,full,9,10,619,445,8212
ini,full,10,10,562,474,8005
ini,full,11,10,422,288,5095
ini,full,12,10,489,366,6548
ini,full,13,10,533,385,6546
ini,full,14,10,431,326,5246
ini,full,15,10,425,318,5213
ini,full,16,10,527,369,6579
ini,full,17,10,444,310,5349
ini,full,18,10,595,478,8283
ini,full,19,10,420,304,5281
ini,full,20,10,394,290,5072
ini,delta,1,10,430,289,5189
ini,delta,2,10,486,608,11576
ini,delta,3,10,547,1061,19612
ini,delta,4,10,478,1445,26041
ini,delta,5,10,608,2008,34108
ini,delta,6,10,555,2347,42099
ini,delta,7,10,585,2820,50259
ini,delta,8,10,403,3060,55252
ini,delta,9,10,598,3547,63411
ini,delta,10,10,588,4088,71349
ini,delta,11,10,429,4282,76377
ini,delta,12,10,503,4709,82858
ini,delta,13,10,508,4939,89316
ini,delta,14,10,435,5185,94474
ini,delta,15,10,441,5506,99600
ini,delta,16,10,497,5769,106091
ini,delta,17,10,429,6014,111352
ini,delta,18,10,584,6450,119532
ini,delta,19,10,417,6758,124711
ini,delta,20,10,417,7174,129680
binary,full,1,10,126,225,1813
binary,full,2,10,104,381,2227
binary,full,3,10,120,557,2786
binary,full,4,10,105,524,2258
binary,full,5,10,114,550,2802
binary,full,6,10,113,567,2781
binary,full,7,10,124,594,2846
binary,full,8,10,91,76,1756
binary,full,9,10,100,95,2851
binary,full,10,10,99,108,2774
binary,full,11,10,87,74,1775
binary,full,12,10,104,87,2299
binary,full,13,10,92,78,2290
binary,full,14,10,90,75,1835
binary,full,15,10,79,78,1817
binary,full,16,10,99,83,2300
binary,full,17,10,78,68,1893
binary,full,18,10,96,92,2880
binary,full,19,10,91,74,1870
binary,full,20,10,82,69,1770
binary,delta,1,10,90,80,1813
binary,delta,2,10,90,150,4040
binary,delta,3,10,99,250,6826
binary,delta,4,10,86,328,9084
binary,delta,5,10,96,451,11880
binary,delta,6,10,96,516,14655
binary,delta,7,10,96,627,17484
binary,delta,8,10,88,704,19218
binary,delta,9,10,110,807,22047
binary,delta,10,10,117,1017,24795
binary,delta,11,10,101,976,26544
binary,delta,12,10,99,1066,28817
binary,delta,13,10,99,1108,31070
binary,delta,14,10,96,1309,32868
binary,delta,15,10,102,1299,34648
binary,delta,16,10,108,1491,36911
binary,delta,17,10,88,1540,38767
binary,delta,18,10,114,1548,41606
binary,delta,19,10,91,1639,43435
binary,delta,20,10,104,1688,45164
json,full,1,11,183,130,2643
json,full,2,11,136,119,2685
json,full,3,11,140,130,2642
json,full,4,11,161,165,3201
json,full,5,11,159,157,3103
json,full,6,11,193,193,3889
json,full,7,11,148,133,2665
json,full,8,11,175,189,3929
json,full,9,11,188,186,3967
json,full,10,11,153,150,3193
json,full,11,11,140,127,2585
json,full,12,11,171,151,3184
json,full,13,11,156,155,3286
json,full,14,11,177,182,3927
json,full,15,11,139,124,2530
json,full,16,11,135,129,2638
json,full,17,11,133,126,2644
json,full,18,11,139,128,2646
json,full,19,11,181,186,4017
json,full,20,11,186,184,4009
json,delta,1,11,181,133,2589
json,delta,2,11,141,247,5219
json,delta,3,11,133,363,7806
json,delta,4,11,171,525,10952
json,delta,5,11,149,683,13995
json,delta,6,11,186,898,17824
json,delta,7,11,135,976,20429
json,delta,8,11,184,1197,24298
json,delta,9,11,188,1335,28205
json,delta,10,11,161,1537,31329
json,delta,11,11,157,1589,33839
json,delta,12,11,165,1776,36939
json,delta,13,11,162,1983,40129
json,delta,14,11,193,2081,43960
json,delta,15,11,154,2375,46394
json,delta,16,11,132,2342,48936
json,delta,17,11,142,2502,51473
json,delta,18,11,143,2588,54012
json,delta,19,11,204,2846,57922
json,delta,20,11,198,2942,61811
ini,full,1,11,470,287,5178
ini,full,2,11,1792,4213,5249
ini,full,3,11,3079,1899,5177
ini,full,4,11,3198,3645,6497
ini,full,5,11,2013,375,6312
ini,full,6,11,567,460,8049
ini,full,7,11,453,293,5232
ini,full,8,11,550,430,8120
ini,full,9,11,597,465,8188
ini,full,10,11,498,369,6451
ini,full,11,11,432,293,5135
ini,full,12,11,467,345,6451
ini,full,13,11,508,376,6602
ini,full,14,11,575,457,8120
ini,full,15,11,414,289,5039
ini,full,16,11,441,299,5239
ini,full,17,11,430,300,5236
ini,full,18,11,427,299,5254
ini,full,19,11,596,450,8277
ini,full,20,11,609,450,8236
ini,delta,1,11,439,290,5178
ini,delta,2,11,408,602,10427
ini,delta,3,11,433,885,15603
ini,delta,4,11,521,1284,22099
ini,delta,5,11,493,1575,28410
ini,delta,6,11,586,2031,36445
ini,delta,7,11,425,2320,41662
ini,delta,8,11,630,2856,49767
ini,delta,9,11,596,3263,57940
ini,delta,10,11,504,3594,64376
ini,delta,11,11,441,3892,69479
ini,delta,12,11,499,4207,75884
ini,delta,13,11,511,4589,82423
ini,delta,14,11,592,5034,90460
ini,delta,15,11,417,5238,95417
ini,delta,16,11,427,5554,100573
ini,delta,17,11,426,5793,105726
ini,delta,18,11,448,6024,110879
ini,delta,19,11,582,6475,119055
ini,delta,20,11,588,7062,127189
binary,full,1,11,119,83,1826
binary,full,2,11,85,66,1855
binary,full,3,11,80,66,1827
binary,full,4,11,93,81,2263
binary,full,5,11,114,86,2192
binary,full,6,11,109,108,2794
binary,full,7,11,92,72,1843
binary,full,8,11,95,625,2819
binary,full,9,11,121,544,2843
binary,full,10,11,105,437,2254
binary,full,11,11,100,404,1788
binary,full,12,11,110,564,2251
binary,full,13,11,125,551,2316
binary,full,14,11,136,640,2818
binary,full,15,11,118,385,1756
binary,full,16,11,127,108,1826
binary,full,17,11,109,99,1826
binary,full,18,11,120,125,1834
binary,full,19,11,121,116,2879
binary,full,20,11,149,116,2867
binary,delta,1,11,89,75,1826
binary,delta,2,11,99,170,3681
binary,delta,3,11,107,256,5508
binary,delta,4,11,117,307,7771
binary,delta,5,11,105,398,9963
binary,delta,6,11,100,532,12753
binary,delta,7,11,101,546,14592
binary,delta,8,11,110,797,17407
binary,delta,9,11,133,767,20246
binary,delta,10,11,97,905,22496
binary,delta,11,11,96,1008,24273
binary,delta,12,11,122,1058,26509
binary,delta,13,11,95,1172,28803
binary,delta,14,11,110,1208,31589
binary,delta,15,11,113,1234,33313
binary,delta,16,11,92,1415,35107
binary,delta,17,11,88,1389,36901
binary,delta,18,11,96,1462,38695
binary,delta,19,11,108,1556,41534
binary,delta,20,11,122,1728,44361
json,full,1,12,226,181,3826
json,full,2,12,167,168,3853
json,full,3,12,159,155,3136
json,full,4,12,141,124,2461
json,full,5,12,143,127,2603
json,full,6,12,215,197,3853
json,full,7,12,181,154,2579
json,full,8,12,190,172,3105
json,full,9,12,191,174,3145
json,full,10,12,162,138,2484
json,full,11,12,189,175,3202
json,full,12,12,165,147,2586
json,full,13,12,216,197,3980
json,full,14,12,150,136,2726
json,full,15,12,184,183,3929
json,full,16,12,163,154,3145
json,full,17,12,154,151,3229
json,full,18,12,191,186,4002
json,full,19,12,183,188,3886
json,full,20,12,154,154,3129
json,delta,1,12,196,186,3771
json,delta,2,12,180,349,7569
json,delta,3,12,150,506,10650
json,delta,4,12,145,617,13056
json,delta,5,12,133,736,15604
json,delta,6,12,189,961,19402
json,delta,7,12,165,1048,21926
json,delta,8,12,168,1256,24970
json,delta,9,12,161,1444,28044
json,delta,10,12,145,1493,30457
json,delta,11,12,160,1753,33588
json,delta,12,12,151,1931,36103
json,delta,13,12,206,1963,40011
json,delta,14,12,153,2054,42652
json,delta,15,12,190,2212,46496
json,delta,16,12,161,2433,49556
json,delta,17,12,181,4123,52700
json,delta,18,12,196,3130,56610
json,delta,19,12,202,2963,60404
json,delta,20,12,163,3074,63441
ini,full,1,12,614,432,7941
ini,full,2,12,561,462,7974
ini,full,3,12,530,3270,6397
ini,full,4,12,2505,2162,4923
ini,full,5,12,2270,1290,5162
ini,full,6,12,3230,2787,7974
ini,full,7,12,2776,2726,5131
ini,full,8,12,496,350,6313
ini,full,9,12,509,374,6389
ini,full,10,12,425,294,4962
ini,full,11,12,510,383,6490
ini,full,12,12,437,303,5156
ini,full,13,12,621,469,8209
ini,full,14,12,436,304,5303
ini,full,15,12,600,460,8130
ini,full,16,12,520,369,6381
ini,full,17,12,508,387,6549
ini,full,18,12,613,472,8241
ini,full,19,12,596,454,8040
ini,full,20,12,501,375,6367
ini,delta,1,12,579,445,7941
ini,delta,2,12,589,909,15914
ini,delta,3,12,519,1279,22310
ini,delta,4,12,422,1594,27232
ini,delta,5,12,448,1829,32394
ini,delta,6,12,585,2299,40367
ini,delta,7,12,436,2590,45498
ini,delta,8,12,515,3036,51810
ini,delta,9,12,500,3268,58183
ini,delta,10,12,420,3559,63112
ini,delta,11,12,517,3971,69569
ini,delta,12,12,442,4159,74691
ini,delta,13,12,612,4644,82865
ini,delta,14,12,442,4862,88134
ini,delta,15,12,602,5371,96209
ini,delta,16,12,491,5694,102534
ini,delta,17,12,501,6009,109028
ini,delta,18,12,589,6455,117213
ini,delta,19,12,580,6915,125182
ini,delta,20,12,493,7301,131478
binary,full,1,12,145,518,2748
binary,full,2,12,116,547,2764
binary,full,3,12,102,394,2216
binary,full,4,12,101,344,1708
binary,full,5,12,114,366,1797
binary,full,6,12,112,593,2764
binary,full,7,12,103,386,1783
binary,full,8,12,112,481,2193
binary,full,9,12,96,426,2223
binary,full,10,12,87,74,1721
binary,full,11,12,93,88,2266
binary,full,12,12,92,71,1792
binary,full,13,12,98,102,2850
binary,full,14,12,87,71,1876
binary,full,15,12,100,95,2819
binary,full,16,12,91,78,2228
binary,full,17,12,93,86,2286
binary,full,18,12,103,102,2863
binary,full,19,12,109,111,2793
binary,full,20,12,92,83,2217
binary,delta,1,12,99,105,2748
binary,delta,2,12,97,193,5512
binary,delta,3,12,97,289,7728
binary,delta,4,12,98,373,9436
binary,delta,5,12,86,449,11233
binary,delta,6,12,106,527,13997
binary,delta,7,12,90,633,15780
binary,delta,8,12,99,690,17973
binary,delta,9,12,98,777,20191
binary,delta,10,12,86,1017,21899
binary,delta,11,12,100,964,24152
binary,delta,12,12,90,1041,25931
binary,delta,13,12,124,1193,28768
binary,delta,14,12,125,1236,30631
binary,delta,15,12,129,1361,33426
binary,delta,16,12,102,1417,35630
binary,delta,17,12,100,1663,37892
binary,delta,18,12,127,1540,40731
binary,delta,19,12,112,1646,43495
binary,delta,20,12,110,1783,45683
json,full,1,13,213,154,3174
json,full,2,13,151,144,3147
json,full,3,13,170,171,3941
json,full,4,13,134,123,2677
json,full,5,13,129,115,2482
json,full,6,13,129,119,2581
json,full,7,13,147,153,3232
json,full,8,13,176,170,3894
json,full,9,13,133,124,2704
json,full,10,13,149,143,3250
json,full,11,13,168,150,3187
json,full,12,13,139,124,2655
json,full,13,13,191,188,4022
json,full,14,13,178,169,3903
json,full,15,13,179,185,3987
json,full,16,13,189,185,3215
json,full,17,13,208,204,4006
json,full,18,13,201,190,3215
json,full,19,13,188,176,3162
json,full,20,13,186,166,3241
json,delta,1,13,205,172,3114
json,delta,2,13,208,364,6188
json,delta,3,13,183,489,10056
json,delta,4,13,137,615,12659
json,delta,5,13,165,754,15067
json,delta,6,13,158,889,17574
json,delta,7,13,184,1614,20725
json,delta,8,13,173,1148,24538
json,delta,9,13,144,1394,27161
json,delta,10,13,219,2265,30330
json,delta,11,13,190,1626,33429
json,delta,12,13,162,1996,35989
json,delta,13,13,250,2395,39906
json,delta,14,13,254,2518,43704
json,delta,15,13,239,2688,47585
json,delta,16,13,189,2973,50694
json,delta,17,13,257,2969,54594
json,delta,18,13,303,3264,57703
json,delta,19,13,252,3379,60759
json,delta,20,13,234,3390,63894
ini,full,1,13,615,396,6402
ini,full,2,13,501,1796,6363
ini,full,3,13,4008,5349,8140
ini,full,4,13,2377,2049,5251
ini,full,5,13,2375,2701,4961
ini,full,6,13,2009,1419,5127
ini,full,7,13,511,373,6506
ini,full,8,13,578,462,8065
ini,full,9,13,456,329,5294
ini,full,10,13,562,414,6576
ini,full,11,13,538,379,6455
ini,full,12,13,444,295,5194
ini,full,13,13,649,468,8273
ini,full,14,13,599,452,8073
ini,full,15,13,624,463,8243
ini,full,16,13,511,373,6488
ini,full,17,13,635,468,8267
ini,full,18,13,526,364,6529
ini,full,19,13,511,363,6421
ini,full,20,13,520,375,6562
ini,delta,1,13,535,369,6402
ini,delta,2,13,512,718,12750
ini,delta,3,13,604,1184,20854
ini,delta,4,13,436,1498,26069
ini,delta,5,13,435,1818,30993
ini,delta,6,13,454,2031,36084
ini,delta,7,13,511,2469,42554
ini,delta,8,13,606,2872,50568
ini,delta,9,13,432,3102,55810
ini,delta,10,13,521,3562,62335
ini,delta,11,13,520,3823,68739
ini,delta,12,13,431,4181,73866
ini,delta,13,13,638,4662,82058
ini,delta,14,13,597,5073,90031
ini,delta,15,13,636,5502,98173
ini,delta,16,13,516,5895,104561
ini,delta,17,13,638,6251,112727
ini,delta,18,13,516,6605,119156
ini,delta,19,13,505,6895,125477
ini,delta,20,13,527,7332,131938
binary,full,1,13,155,407,2241
binary,full,2,13,125,374,2220
binary,full,3,13,134,586,2829
binary,full,4,13,120,382,1853
binary,full,5,13,99,79,1724
binary,full,6,13,90,73,1788
binary,full,7,13,100,88,2283
binary,full,8,13,106,107,2795
binary,full,9,13,82,68,1873
binary,full,10,13,96,80,2297
binary,full,11,13,100,88,2252
binary,full,12,13,92,69,1835
binary,full,13,13,110,97,2880
binary,full,14,13,107,102,2803
binary,full,15,13,107,98,2857
binary,full,16,13,88,82,2275
binary,full,17,13,123,96,2869
binary,full,18,13,110,87,2276
binary,full,19,13,96,85,2243
binary,full,20,13,102,86,2295
binary,delta,1,13,101,99,2241
binary,delta,2,13,86,166,4456
binary,delta,3,13,109,285,7269
binary,delta,4,13,90,352,9106
binary,delta,5,13,88,424,10814
binary,delta,6,13,89,495,12586
binary,delta,7,13,115,632,14853
binary,delta,8,13,108,675,17627
binary,delta,9,13,93,746,19479
binary,delta,10,13,101,886,21755
binary,delta,11,13,101,983,23986
binary,delta,12,13,92,990,25795
binary,delta,13,13,118,1089,28644
binary,delta,14,13,116,1278,31408
binary,delta,15,13,115,1402,34226
binary,delta,16,13,100,1442,36462
binary,delta,17,13,116,1541,39292
binary,delta,18,13,120,1602,41529
binary,delta,19,13,114,1652,43733
binary,delta,20,13,111,1761,45989
json,full,1,14,223,139,2535
json,full,2,14,181,174,3884
json,full,3,14,182,181,3849
json,full,4,14,132,119,2464
json,full,5,14,157,145,3146
json,full,6,14,136,122,2525
json,full,7,14,192,191,3899
json,full,8,14,167,150,3246
json,full,9,14,138,125,2545
json,full,10,14,136,119,2512
json,full,11,14,155,152,3222
json,full,12,14,155,150,2594
json,full,13,14,161,151,3110
json,full,14,14,169,156,3183
json,full,15,14,165,157,3313
json,full,16,14,159,155,3187
json,full,17,14,154,151,3189
json,full,18,14,139,127,2550
json,full,19,14,164,160,3174
json,full,20,14,127,122,2648
json,delta,1,14,172,144,2481
json,delta,2,14,199,320,6311
json,delta,3,14,189,507,10106
json,delta,4,14,138,616,12515
json,delta,5,14,160,775,15606
json,delta,6,14,156,943,18076
json,delta,7,14,193,1072,21915
json,delta,8,14,172,1214,25094
json,delta,9,14,144,1356,27572
json,delta,10,14,151,1545,30017
json,delta,11,14,173,1629,33165
json,delta,12,14,147,1734,35685
json,delta,13,14,174,1958,38720
json,delta,14,14,170,2023,41828
json,delta,15,14,181,2238,45059
json,delta,16,14,170,2302,48164
json,delta,17,14,171,2453,51271
json,delta,18,14,155,2580,53739
json,delta,19,14,169,2884,56824
json,delta,20,14,149,2922,59369
ini,full,1,14,3497,3399,5058
ini,full,2,14,3616,4263,8036
ini,full,3,14,3806,3483,7970
ini,full,4,14,441,276,4925
ini,full,5,14,507,365,6387
ini,full,6,14,446,293,5024
ini,full,7,14,616,474,8054
ini,full,8,14,523,380,6559
ini,full,9,14,423,294,5044
ini,full,10,14,429,287,5021
ini,full,11,14,515,375,6497
ini,full,12,14,437,298,5172
ini,full,13,14,499,369,6339
ini,full,14,14,516,374,6474
ini,full,15,14,529,393,6656
ini,full,16,14,508,382,6445
ini,full,17,14,507,364,6446
ini,full,18,14,425,295,5083
ini,full,19,14,511,378,6445
ini,full,20,14,433,300,5180
ini,delta,1,14,2071,313,5058
ini,delta,2,14,579,709,13094
ini,delta,3,14,559,1116,21064
ini,delta,4,14,400,1457,25989
ini,delta,5,14,464,1783,32376
ini,delta,6,14,421,2186,37400
ini,delta,7,14,633,2681,45454
ini,delta,8,14,506,3003,51998
ini,delta,9,14,424,3259,57013
ini,delta,10,14,423,3535,62005
ini,delta,11,14,487,3842,68472
ini,delta,12,14,447,4145,73599
ini,delta,13,14,537,4501,79893
ini,delta,14,14,500,4887,86321
ini,delta,15,14,526,5262,92931
ini,delta,16,14,507,5547,99315
ini,delta,17,14,503,5905,105701
ini,delta,18,14,475,6133,110723
ini,delta,19,14,504,6507,117107
ini,delta,20,14,436,7148,122212
binary,full,1,14,119,82,1756
binary,full,2,14,110,103,2790
binary,full,3,14,110,119,2764
binary,full,4,14,89,75,1708
binary,full,5,14,89,82,2226
binary,full,6,14,86,70,1747
binary,full,7,14,111,100,2794
binary,full,8,14,96,82,2290
binary,full,9,14,80,66,1765
binary,full,10,14,97,71,1743
binary,full,11,14,114,314,2272
binary,full,12,14,104,332,1794
binary,full,13,14,104,435,2202
binary,full,14,14,107,465,2248
binary,full,15,14,109,512,2331
binary,full,16,14,119,559,2255
binary,full,17,14,127,516,2255
binary,full,18,14,139,427,1769
binary,full,19,14,141,479,2238
binary,full,20,14,94,332,1824
binary,delta,1,14,95,84,1756
binary,delta,2,14,114,189,4546
binary,delta,3,14,97,270,7310
binary,delta,4,14,80,344,9018
binary,delta,5,14,94,440,11244
binary,delta,6,14,105,476,12991
binary,delta,7,14,117,592,15785
binary,delta,8,14,92,708,18071
binary,delta,9,14,89,795,19827
binary,delta,10,14,91,887,21561
binary,delta,11,14,96,932,23824
binary,delta,12,14,130,1058,25604
binary,delta,13,14,97,1102,27792
binary,delta,14,14,106,1196,30026
binary,delta,15,14,115,1294,32343
binary,delta,16,14,106,1450,34579
binary,delta,17,14,111,1496,36815
binary,delta,18,14,97,1487,38565
binary,delta,19,14,105,1591,40784
binary,delta,20,14,99,1678,42584
json,full,1,15,215,136,2507
json,full,2,15,135,122,2493
json,full,3,15,132,121,2568
json,full,4,15,176,177,3967
json,full,5,15,151,144,3147
json,full,6,15,168,161,3191
json,full,7,15,153,134,2539
json,full,8,15,156,149,3276
json,full,9,15,132,120,2662
json,full,10,15,130,117,2541
json,full,11,15,181,182,3959
json,full,12,15,204,177,3948
json,full,13,15,131,120,2586
json,full,14,15,178,178,3986
json,full,15,15,187,190,3946
json,full,16,15,128,122,2684
json,full,17,15,129,120,2526
json,full,18,15,154,149,3250
json,full,19,15,140,129,2693
json,full,20,15,139,134,2713
json,delta,1,15,162,135,2447
json,delta,2,15,135,266,4880
json,delta,3,15,133,362,7388
json,delta,4,15,183,521,11295
json,delta,5,15,159,725,14375
json,delta,6,15,166,883,17499
json,delta,7,15,143,1016,19971
json,delta,8,15,169,1158,23167
json,delta,9,15,150,1263,25735
json,delta,10,15,144,1442,28175
json,delta,11,15,203,1601,32027
json,delta,12,15,207,1798,35862
json,delta,13,15,148,1882,38335
json,delta,14,15,206,2033,42208
json,delta,15,15,217,2349,46040
json,delta,16,15,157,2381,48610
json,delta,17,15,160,2488,51022
json,delta,18,15,180,2597,54158
json,delta,19,15,154,2877,56724
json,delta,20,15,150,2849,59310
ini,full,1,15,460,283,5003
ini,full,2,15,416,273,4971
ini,full,3,15,432,2501,5106
ini,full,4,15,3805,2544,8188
ini,full,5,15,3248,3803,6394
ini,full,6,15,2365,4046,6480
ini,full,7,15,457,290,5056
ini,full,8,15,524,353,6574
ini,full,9,15,435,297,5185
ini,full,10,15,412,277,5045
ini,full,11,15,615,465,8179
ini,full,12,15,610,476,8152
ini,full,13,15,441,294,5142
ini,full,14,15,621,464,8225
ini,full,15,15,624,461,8155
ini,full,16,15,446,304,5269
ini,full,17,15,432,289,5045
ini,full,18,15,518,387,6603
ini,full,19,15,439,303,5249
ini,full,20,15,440,306,5312
ini,delta,1,15,445,275,5003
ini,delta,2,15,398,545,9959
ini,delta,3,15,402,828,15051
ini,delta,4,15,600,1302,23224
ini,delta,5,15,521,1654,29603
ini,delta,6,15,503,2026,36053
ini,delta,7,15,422,2320,41079
ini,delta,8,15,497,2816,47624
ini,delta,9,15,433,2932,52759
ini,delta,10,15,421,3233,57731
ini,delta,11,15,596,3661,65823
ini,delta,12,15,615,4169,73873
ini,delta,13,15,430,4378,78900
ini,delta,14,15,607,4888,87009
ini,delta,15,15,599,5491,95047
ini,delta,16,15,434,5599,100199
ini,delta,17,15,428,5823,105127
ini,delta,18,15,518,6256,111613
ini,delta,19,15,424,6416,116746
ini,delta,20,15,445,6889,121921
binary,full,1,15,112,81,1734
binary,full,2,15,84,74,1728
binary,full,3,15,88,75,1776
binary,full,4,15,104,113,2844
binary,full,5,15,96,88,2223
binary,full,6,15,93,83,2257
binary,full,7,15,89,72,1758
binary,full,8,15,89,83,2308
binary,full,9,15,86,67,1836
binary,full,10,15,84,69,1761
binary,full,11,15,113,105,2840
binary,full,12,15,116,103,2835
binary,full,13,15,90,75,1795
binary,full,14,15,112,103,2861
binary,full,15,15,119,563,2831
binary,full,16,15,95,316,1859
binary,full,17,15,106,335,1753
binary,full,18,15,117,447,2302
binary,full,19,15,101,336,1860
binary,full,20,15,97,346,1885
binary,delta,1,15,103,80,1734
binary,delta,2,15,83,147,3458
binary,delta,3,15,81,215,5230
binary,delta,4,15,101,321,8070
binary,delta,5,15,115,539,10289
binary,delta,6,15,114,630,12537
binary,delta,7,15,103,690,14286
binary,delta,8,15,111,686,16585
binary,delta,9,15,98,782,18401
binary,delta,10,15,95,866,20130
binary,delta,11,15,144,874,22933
binary,delta,12,15,118,1058,25727
binary,delta,13,15,108,1173,27477
binary,delta,14,15,127,1180,30293
binary,delta,15,15,128,1278,33079
binary,delta,16,15,95,1488,34893
binary,delta,17,15,94,1503,36601
binary,delta,18,15,132,1524,38858
binary,delta,19,15,100,1595,40673
binary,delta,20,15,99,1604,42502
json,full,1,16,254,189,3955
json,full,2,16,176,174,3911
json,full,3,16,136,120,2573
json,full,4,16,137,119,2499
json,full,5,16,141,123,2696
json,full,6,16,198,188,4002
json,full,7,16,141,120,2508
json,full,8,16,128,119,2548
json,full,9,16,170,146,2574
json,full,10,16,146,139,2666
json,full,11,16,199,188,4000
json,full,12,16,175,151,2664
json,full,13,16,171,155,2625
json,full,14,16,201,164,3265
json,full,15,16,191,198,3919
json,full,16,16,194,186,3986
json,full,17,16,216,192,3989
json,full,18,16,189,189,3911
json,full,19,16,168,152,3289
json,full,20,16,141,137,2770
json,delta,1,16,240,216,3901
json,delta,2,16,207,402,7746
json,delta,3,16,149,528,10252
json,delta,4,16,155,666,12684
json,delta,5,16,138,720,15313
json,delta,6,16,185,955,19235
json,delta,7,16,157,1049,21663
json,delta,8,16,142,1187,24131
json,delta,9,16,139,1266,26625
json,delta,10,16,141,1425,29211
json,delta,11,16,197,1639,33125
json,delta,12,16,133,1750,35696
json,delta,13,16,141,1897,38221
json,delta,14,16,166,1988,41379
json,delta,15,16,179,2193,45181
json,delta,16,16,185,2450,49050
json,delta,17,16,195,2552,52922
json,delta,18,16,180,2659,56716
json,delta,19,16,161,2866,59888
json,delta,20,16,145,3136,62535
ini,full,1,16,663,450,8167
ini,full,2,16,549,455,8060
ini,full,3,16,1292,4253,5072
ini,full,4,16,3311,3264,4977
ini,full,5,16,2024,1761,5269
ini,full,6,16,2572,1764,8218
ini,full,7,16,1360,296,4994
ini,full,8,16,498,319,5065
ini,full,9,16,422,289,5098
ini,full,10,16,403,296,5218
ini,full,11,16,610,490,8231
ini,full,12,16,1157,397,5258
ini,full,13,16,1141,425,5213
ini,full,14,16,471,367,6603
ini,full,15,16,596,457,8089
ini,full,16,16,696,542,8225
ini,full,17,16,675,472,8228
ini,full,18,16,587,459,8089
ini,full,19,16,508,380,6648
ini,full,20,16,440,316,5418
ini,delta,1,16,577,474,8167
ini,delta,2,16,603,954,16227
ini,delta,3,16,420,1202,21277
ini,delta,4,16,427,1507,26232
ini,delta,5,16,443,1777,31480
ini,delta,6,16,615,2293,39677
ini,delta,7,16,560,2764,44628
ini,delta,8,16,481,2895,49650
ini,delta,9,16,436,3474,54705
ini,delta,10,16,537,4117,59880
ini,delta,11,16,652,4006,68069
ini,delta,12,16,449,4001,73270
ini,delta,13,16,418,4418,78411
ini,delta,14,16,512,4713,84928
ini,delta,15,16,596,5102,92914
ini,delta,16,16,604,5690,101019
ini,delta,17,16,594,6056,109127
ini,delta,18,16,597,6428,117096
ini,delta,19,16,515,6800,123624
ini,delta,20,16,440,7479,128922
binary,full,1,16,172,115,2833
binary,full,2,16,151,1013,2800
binary,full,3,16,108,627,1783
binary,full,4,16,106,736,1735
binary,full,5,16,126,604,1867
binary,full,6,16,133,1153,2861
binary,full,7,16,100,552,1746
binary,full,8,16,108,753,1769
binary,full,9,16,104,598,1787
binary,full,10,16,100,506,1848
binary,full,11,16,124,1097,2864
binary,full,12,16,96,552,1841
binary,full,13,16,124,598,1814
binary,full,14,16,106,738,2304
binary,full,15,16,120,970,2812
binary,full,16,16,121,1021,2860
binary,full,17,16,122,377,2864
binary,full,18,16,153,149,2812
binary,full,19,16,117,108,2323
binary,full,20,16,91,95,1914
binary,delta,1,16,159,165,2833
binary,delta,2,16,131,318,5633
binary,delta,3,16,124,386,7405
binary,delta,4,16,152,423,9129
binary,delta,5,16,92,443,10985
binary,delta,6,16,122,548,13835
binary,delta,7,16,93,694,15559
binary,delta,8,16,117,809,17306
binary,delta,9,16,97,757,19071
binary,delta,10,16,92,896,20897
binary,delta,11,16,123,968,23739
binary,delta,12,16,103,1160,25554
binary,delta,13,16,104,1181,27337
binary,delta,14,16,119,1222,29605
binary,delta,15,16,122,1380,32376
binary,delta,16,16,121,1690,35188
binary,delta,17,16,130,1594,38004
binary,delta,18,16,121,1624,40768
binary,delta,19,16,105,1691,43043
binary,delta,20,16,99,1710,44909
json,full,1,17,251,188,3887
json,full,2,17,136,124,2577
json,full,3,17,176,180,3926
json,full,4,17,170,179,3943
json,full,5,17,183,187,3888
json,full,6,17,132,123,2472
json,full,7,17,138,125,2630
json,full,8,17,187,182,3864
json,full,9,17,193,194,3925
json,full,10,17,159,150,3172
json,full,11,17,206,201,3938
json,full,12,17,146,135,2524
json,full,13,17,162,156,3203
json,full,14,17,143,129,2565
json,full,15,17,188,192,3999
json,full,16,17,165,158,3244
json,full,17,17,165,157,3234
json,full,18,17,184,191,3889
json,full,19,17,149,137,2758
json,full,20,17,140,133,2761
json,delta,1,17,209,190,3833
json,delta,2,17,139,312,6355
json,delta,3,17,179,506,10226
json,delta,4,17,184,689,14107
json,delta,5,17,190,874,17933
json,delta,6,17,147,1076,20343
json,delta,7,17,148,1153,22911
json,delta,8,17,193,1318,26713
json,delta,9,17,196,1471,30562
json,delta,10,17,169,1680,33658
json,delta,11,17,197,1850,37520
json,delta,12,17,143,1955,39961
json,delta,13,17,167,2060,43068
json,delta,14,17,148,2288,45537
json,delta,15,17,222,2435,49440
json,delta,16,17,175,2573,52587
json,delta,17,17,169,2665,55724
json,delta,18,17,189,2898,59516
json,delta,19,17,145,2921,62177
json,delta,20,17,145,3154,64841
ini,full,1,17,632,447,8039
ini,full,2,17,2431,2678,5091
ini,full,3,17,3688,2906,8108
ini,full,4,17,3452,2720,8127
ini,full,5,17,3407,3452,8049
ini,full,6,17,422,281,4943
ini,full,7,17,427,287,5166
ini,full,8,17,558,450,8020
ini,full,9,17,550,445,8081
ini,full,10,17,506,366,6431
ini,full,11,17,559,456,8137
ini,full,12,17,435,276,5011
ini,full,13,17,550,373,6466
ini,full,14,17,448,287,5098
ini,full,15,17,649,479,8243
ini,full,16,17,522,380,6573
ini,full,17,17,526,369,6539
ini,full,18,17,571,467,8043
ini,full,19,17,405,285,5385
ini,full,20,17,430,295,5389
ini,delta,1,17,604,460,8039
ini,delta,2,17,459,793,13129
ini,delta,3,17,643,1138,21236
ini,delta,4,17,620,1679,29362
ini,delta,5,17,616,2100,37394
ini,delta,6,17,436,2355,42320
ini,delta,7,17,446,2661,47470
ini,delta,8,17,599,3453,55473
ini,delta,9,17,3062,3465,63537
ini,delta,10,17,517,4001,69929
ini,delta,11,17,626,4425,78027
ini,delta,12,17,427,4634,83000
ini,delta,13,17,495,5138,89412
ini,delta,14,17,425,5318,94435
ini,delta,15,17,641,5788,102604
ini,delta,16,17,510,6088,109101
ini,delta,17,17,507,6450,115564
ini,delta,18,17,579,6820,123531
ini,delta,19,17,438,7094,128841
ini,delta,20,17,434,7409,134154
binary,full,1,17,167,113,2790
binary,full,2,17,94,74,1782
binary,full,3,17,119,97,2815
binary,full,4,17,107,92,2821
binary,full,5,17,120,97,2792
binary,full,6,17,97,70,1714
binary,full,7,17,110,77,1820
binary,full,8,17,110,98,2780
binary,full,9,17,107,100,2808
binary,full,10,17,111,86,2248
binary,full,11,17,125,104,2829
binary,full,12,17,96,71,1747
binary,full,13,17,100,87,2264
binary,full,14,17,90,78,1784
binary,full,15,17,134,502,2869
binary,full,16,17,112,344,2297
binary,full,17,17,115,427,2287
binary,full,18,17,144,638,2798
binary,full,19,17,96,333,1908
binary,full,20,17,96,308,1911
binary,delta,1,17,143,114,2790
binary,delta,2,17,89,178,4572
binary,delta,3,17,113,281,7387
binary,delta,4,17,124,384,10208
binary,delta,5,17,123,469,12994
binary,delta,6,17,115,585,14702
binary,delta,7,17,109,722,16516
binary,delta,8,17,122,781,19290
binary,delta,9,17,124,898,22092
binary,delta,10,17,140,1083,24322
binary,delta,11,17,131,1113,27133
binary,delta,12,17,93,1102,28862
binary,delta,13,17,103,1222,31103
binary,delta,14,17,93,1342,32853
binary,delta,15,17,127,1521,35688
binary,delta,16,17,108,1427,37951
binary,delta,17,17,108,1626,40204
binary,delta,18,17,127,1679,42968
binary,delta,19,17,99,1624,44842
binary,delta,20,17,103,1780,46719
json,full,1,18,253,157,3182
json,full,2,18,184,192,3928
json,full,3,18,192,178,3945
json,full,4,18,162,144,3172
json,full,5,18,217,187,3865
json,full,6,18,157,139,2724
json,full,7,18,142,134,2526
json,full,8,18,179,181,3913
json,full,9,18,146,125,2653
json,full,10,18,151,124,2548
json,full,11,18,151,124,2730
json,full,12,18,189,173,3971
json,full,13,18,210,198,4026
json,full,14,18,151,124,2652
json,full,15,18,159,146,3242
json,full,16,18,145,122,2642
json,full,17,18,136,117,2552
json,full,18,18,160,155,3219
json,full,19,18,192,184,3958
json,full,20,18,193,186,4029
json,delta,1,18,179,156,3121
json,delta,2,18,174,315,6988
json,delta,3,18,185,542,10864
json,delta,4,18,164,674,13967
json,delta,5,18,190,898,17749
json,delta,6,18,149,950,20390
json,delta,7,18,148,1102,22833
json,delta,8,18,191,1288,26663
json,delta,9,18,149,1401,29220
json,delta,10,18,161,1608,31666
json,delta,11,18,170,1662,34294
json,delta,12,18,198,1839,38163
json,delta,13,18,203,2046,42077
json,delta,14,18,157,2174,44617
json,delta,15,18,186,2411,47747
json,delta,16,18,145,2378,50277
json,delta,17,18,149,2533,52717
json,delta,18,18,176,2669,55824
json,delta,19,18,192,2899,59662
json,delta,20,18,199,3008,63571
ini,full,1,18,568,364,6450
ini,full,2,18,563,439,8119
ini,full,3,18,1184,5224,8137
ini,full,4,18,3369,2289,6414
ini,full,5,18,2004,1378,7993
ini,full,6,18,1730,1545,5337
ini,full,7,18,1677,1690,5044
ini,full,8,18,605,450,8090
ini,full,9,18,462,323,5234
ini,full,10,18,442,310,5077
ini,full,11,18,407,284,5336
ini,full,12,18,595,454,8194
ini,full,13,18,592,452,8278
ini,full,14,18,446,305,5261
ini,full,15,18,499,381,6563
ini,full,16,18,454,309,5188
ini,full,17,18,426,284,5094
ini,full,18,18,470,369,6492
ini,full,19,18,645,489,8161
ini,full,20,18,573,472,8298
ini,delta,1,18,535,359,6450
ini,delta,2,18,544,818,14553
ini,delta,3,18,549,1285,22674
ini,delta,4,18,506,1619,29056
ini,delta,5,18,581,2086,37017
ini,delta,6,18,434,2376,42300
ini,delta,7,18,433,2687,47290
ini,delta,8,18,587,3076,55326
ini,delta,9,18,426,3381,60506
ini,delta,10,18,424,3714,65508
ini,delta,11,18,438,3958,70755
ini,delta,12,18,596,4485,78860
ini,delta,13,18,614,4831,87049
ini,delta,14,18,432,5122,92203
ini,delta,15,18,507,5534,98659
ini,delta,16,18,427,5752,103740
ini,delta,17,18,429,6390,108727
ini,delta,18,18,506,6370,115113
ini,delta,19,18,589,6705,123166
ini,delta,20,18,635,7443,131341
binary,full,1,18,160,103,2245
binary,full,2,18,127,108,2818
binary,full,3,18,123,108,2826
binary,full,4,18,109,91,2247
binary,full,5,18,128,109,2771
binary,full,6,18,102,75,1885
binary,full,7,18,92,76,1754
binary,full,8,18,124,117,2813
binary,full,9,18,135,75,1832
binary,full,10,18,100,82,1768
binary,full,11,18,95,75,1890
binary,full,12,18,126,108,2850
binary,full,13,18,121,110,2884
binary,full,14,18,103,84,1841
binary,full,15,18,123,664,2298
binary,full,16,18,132,544,1834
binary,full,17,18,159,621,1777
binary,full,18,18,129,786,2282
binary,full,19,18,141,1119,2837
binary,full,20,18,133,1092,2890
binary,delta,1,18,141,797,2245
binary,delta,2,18,139,2049,5058
binary,delta,3,18,133,2400,7879
binary,delta,4,18,103,411,10115
binary,delta,5,18,115,476,12875
binary,delta,6,18,95,549,14737
binary,delta,7,18,88,617,16468
binary,delta,8,18,118,738,19258
binary,delta,9,18,95,817,21067
binary,delta,10,18,100,912,22801
binary,delta,11,18,99,1037,24653
binary,delta,12,18,128,1179,27465
binary,delta,13,18,120,1255,30311
binary,delta,14,18,90,1265,32106
binary,delta,15,18,113,1353,34358
binary,delta,16,18,107,1565,36146
binary,delta,17,18,107,1520,37877
binary,delta,18,18,124,1777,40113
binary,delta,19,18,119,1884,42904
binary,delta,20,18,127,1874,45743
json,full,1,19,259,195,3904
json,full,2,19,185,184,3973
json,full,3,19,188,194,3942
json,full,4,19,174,169,3256
json,full,5,19,203,192,3836
json,full,6,19,150,134,2548
json,full,7,19,168,159,3161
json,full,8,19,201,186,3872
json,full,9,19,199,186,3860
json,full,10,19,222,198,3939
json,full,11,19,190,164,3225
json,full,12,19,143,131,2534
json,full,13,19,177,159,3196
json,full,14,19,153,137,2651
json,full,15,19,160,162,2583
json,full,16,19,193,156,3170
json,full,17,19,176,157,3258
json,full,18,19,154,133,2681
json,full,19,19,206,189,3983
json,full,20,19,168,160,3187
json,delta,1,19,221,199,3841
json,delta,2,19,194,372,7750
json,delta,3,19,189,583,11628
json,delta,4,19,169,705,14820
json,delta,5,19,197,922,18592
json,delta,6,19,164,1096,21076
json,delta,7,19,196,1231,24173
json,delta,8,19,197,1374,27974
json,delta,9,19,200,1530,31753
json,delta,10,19,214,1715,35603
json,delta,11,19,198,1927,38739
json,delta,12,19,150,2105,41183
json,delta,13,19,177,2171,44283
json,delta,14,19,155,2265,46832
json,delta,15,19,155,2335,49313
json,delta,16,19,172,2554,52381
json,delta,17,19,212,2703,55525
json,delta,18,19,163,2811,58092
json,delta,19,19,204,2959,61961
json,delta,20,19,198,3175,65034
ini,full,1,19,2929,1871,8056
ini,full,2,19,2585,2188,8193
ini,full,3,19,3200,1745,8158
ini,full,4,19,2101,742,6573
ini,full,5,19,580,446,7961
ini,full,6,19,408,277,5079
ini,full,7,19,490,346,6412
ini,full,8,19,551,443,8003
ini,full,9,19,561,462,7992
ini,full,10,19,601,471,8141
ini,full,11,19,506,372,6530
ini,full,12,19,403,294,5059
ini,full,13,19,478,357,6473
ini,full,14,19,431,304,5255
ini,full,15,19,440,297,5154
ini,full,16,19,504,375,6454
ini,full,17,19,508,376,6576
ini,full,18,19,433,306,5265
ini,full,19,19,615,471,8222
ini,full,20,19,504,375,6479
ini,delta,1,19,1615,462,8056
ini,delta,2,19,559,850,16231
ini,delta,3,19,590,1366,24370
ini,delta,4,19,522,1650,30925
ini,delta,5,19,634,2146,38867
ini,delta,6,19,513,2490,43928
ini,delta,7,19,531,2876,50321
ini,delta,8,19,616,3411,58306
ini,delta,9,19,753,3691,66264
ini,delta,10,19,613,4251,74354
ini,delta,11,19,520,4511,80816
ini,delta,12,19,424,4825,85807
ini,delta,13,19,506,5177,92212
ini,delta,14,19,442,5448,97384
ini,delta,15,19,453,5778,102442
ini,delta,16,19,509,6094,108800
ini,delta,17,19,527,6488,115279
ini,delta,18,19,441,6719,120428
ini,delta,19,19,607,7235,128533
ini,delta,20,19,513,7537,134896
binary,full,1,19,180,127,2798
binary,full,2,19,144,479,2845
binary,full,3,19,139,573,2829
binary,full,4,19,127,452,2303
binary,full,5,19,152,477,2756
binary,full,6,19,126,349,1764
binary,full,7,19,126,461,2238
binary,full,8,19,136,443,2777
binary,full,9,19,129,499,2769
binary,full,10,19,130,518,2823
binary,full,11,19,129,434,2282
binary,full,12,19,101,374,1757
binary,full,13,19,109,338,2258
binary,full,14,19,106,320,1830
binary,full,15,19,101,301,1788
binary,full,16,19,113,376,2246
binary,full,17,19,139,356,2301
binary,full,18,19,105,372,1859
binary,full,19,19,147,544,2858
binary,full,20,19,123,408,2259
binary,delta,1,19,121,122,2798
binary,delta,2,19,105,218,5635
binary,delta,3,19,113,312,8456
binary,delta,4,19,106,433,10751
binary,delta,5,19,115,543,13499
binary,delta,6,19,100,613,15255
binary,delta,7,19,106,694,17485
binary,delta,8,19,123,763,20254
binary,delta,9,19,129,881,23010
binary,delta,10,19,125,1091,25812
binary,delta,11,19,117,1061,28067
binary,delta,12,19,85,1162,29797
binary,delta,13,19,114,1252,32028
binary,delta,14,19,100,1351,33827
binary,delta,15,19,144,1616,35580
binary,delta,16,19,118,1577,37791
binary,delta,17,19,121,1689,40057
binary,delta,18,19,103,1684,41871
binary,delta,19,19,131,1840,44684
binary,delta,20,19,118,1778,46898
json,full,1,20,256,198,3889
json,full,2,20,136,132,2649
json,full,3,20,126,121,2496
json,full,4,20,167,177,3958
json,full,5,20,161,170,3871
json,full,6,20,182,192,3844
json,full,7,20,200,196,3992
json,full,8,20,164,154,2609
json,full,9,20,161,145,2554
json,full,10,20,202,199,3876
json,full,11,20,172,162,3171
json,full,12,20,214,166,3178
json,full,13,20,196,167,3281
json,full,14,20,178,134,2725
json,full,15,20,151,121,2634
json,full,16,20,154,133,2590
json,full,17,20,161,152,3200
json,full,18,20,200,182,3937
json,full,19,20,201,191,3981
json,full,20,20,211,221,3967
json,delta,1,20,231,192,3835
json,delta,2,20,160,351,6422
json,delta,3,20,142,430,8856
json,delta,4,20,192,639,12739
json,delta,5,20,212,818,16535
json,delta,6,20,212,1108,20304
json,delta,7,20,218,1204,24214
json,delta,8,20,158,1316,26741
json,delta,9,20,147,1409,29213
json,delta,10,20,194,1575,33007
json,delta,11,20,174,1884,36096
json,delta,12,20,177,1988,39179
json,delta,13,20,189,2067,42364
json,delta,14,20,158,2188,44980
json,delta,15,20,153,2313,47497
json,delta,16,20,181,2493,49970
json,delta,17,20,182,2529,53041
json,delta,18,20,210,2729,56841
json,delta,19,20,217,2932,60685
json,delta,20,20,214,3173,64515
ini,full,1,20,680,462,8041
ini,full,2,20,405,280,5186
ini,full,3,20,390,282,4974
ini,full,4,20,2560,3363,8144
ini,full,5,20,2802,4098,8008
ini,full,6,20,2700,1999,7977
ini,full,7,20,2913,2622,8223
ini,full,8,20,444,278,5171
ini,full,9,20,399,271,5078
ini,full,10,20,577,424,8022
ini,full,11,20,473,364,6456
ini,full,12,20,513,371,6434
ini,full,13,20,529,375,6622
ini,full,14,20,443,284,5311
ini,full,15,20,405,294,5206
ini,full,16,20,427,290,5139
ini,full,17,20,504,360,6457
ini,full,18,20,591,452,8116
ini,full,19,20,626,458,8223
ini,full,20,20,572,456,8183
ini,delta,1,20,559,2721,8041
ini,delta,2,20,594,702,13226
ini,delta,3,20,394,1018,18183
ini,delta,4,20,602,1469,26311
ini,delta,5,20,588,1909,34282
ini,delta,6,20,596,2308,42221
ini,delta,7,20,595,2818,50406
ini,delta,8,20,434,3100,55524
ini,delta,9,20,426,3371,60550
ini,delta,10,20,581,3817,68519
ini,delta,11,20,522,4213,74923
ini,delta,12,20,510,4615,81305
ini,delta,13,20,522,4971,87853
ini,delta,14,20,445,5255,93090
ini,delta,15,20,451,5569,98200
ini,delta,16,20,437,5978,103227
ini,delta,17,20,504,6096,109572
ini,delta,18,20,602,6563,117556
ini,delta,19,20,612,7030,125631
ini,delta,20,20,615,7389,133667
binary,full,1,20,169,119,2790
binary,full,2,20,110,76,1832
binary,full,3,20,102,73,1730
binary,full,4,20,123,104,2832
binary,full,5,20,129,113,2781
binary,full,6,20,116,103,2765
binary,full,7,20,120,101,2860
binary,full,8,20,101,79,1811
binary,full,9,20,102,73,1772
binary,full,10,20,124,113,2786
binary,full,11,20,118,87,2246
binary,full,12,20,117,91,2247
binary,full,13,20,111,87,2323
binary,full,14,20,104,75,1880
binary,full,15,20,104,77,1826
binary,full,16,20,98,80,1800
binary,full,17,20,102,90,2264
binary,full,18,20,124,113,2830
binary,full,19,20,130,109,2858
binary,full,20,20,122,105,2852
binary,delta,1,20,146,134,2790
binary,delta,2,20,117,192,4622
binary,delta,3,20,94,591,6346
binary,delta,4,20,119,372,9172
binary,delta,5,20,111,442,11936
binary,delta,6,20,130,578,14684
binary,delta,7,20,122,690,17527
binary,delta,8,20,101,743,19316
binary,delta,9,20,99,877,21066
binary,delta,10,20,134,974,23830
binary,delta,11,20,110,1060,26054
binary,delta,12,20,112,1106,28279
binary,delta,13,20,114,1228,30569
binary,delta,14,20,109,1323,32416
binary,delta,15,20,104,1319,34198
binary,delta,16,20,108,1420,35948
binary,delta,17,20,130,1564,38162
binary,delta,18,20,132,1571,40932
binary,delta,19,20,139,1820,43724
binary,delta,20,20,144,1909,46510
json,full,1,21,1742,1666,3847
json,full,2,21,489,2370,3852
json,full,3,21,601,1403,2495
json,full,4,21,810,1750,3152
json,full,5,21,742,1275,2584
json,full,6,21,1031,1735,3965
json,full,7,21,591,1289,2588
json,full,8,21,610,1900,3967
json,full,9,21,571,1182,2570
json,full,10,21,1303,1761,3895
json,full,11,21,755,1822,3912
json,full,12,21,758,1824,3135
json,full,13,21,829,2273,3885
json,full,14,21,727,1462,2606
json,full,15,21,198,190,3877
json,full,16,21,151,142,3143
json,full,17,21,168,157,3149
json,full,18,21,177,167,3880
json,full,19,21,185,180,3875
json,full,20,21,192,176,3915
json,delta,1,21,216,204,3793
json,delta,2,21,187,345,7590
json,delta,3,21,132,482,10030
json,delta,4,21,173,692,13127
json,delta,5,21,157,790,15656
json,delta,6,21,200,921,19566
json,delta,7,21,147,1072,22092
json,delta,8,21,198,1261,25997
json,delta,9,21,145,1395,28505
json,delta,10,21,204,1925,32338
json,delta,11,21,188,1774,36188
json,delta,12,21,183,2385,39261
json,delta,13,21,190,1948,43071
json,delta,14,21,156,2186,45596
json,delta,15,21,218,2685,49391
json,delta,16,21,171,2611,52452
json,delta,17,21,177,2962,55519
json,delta,18,21,196,2746,59317
json,delta,19,21,206,3421,63110
json,delta,20,21,239,3456,66929
ini,full,1,21,2693,2485,7968
ini,full,2,21,2770,3042,7973
ini,full,3,21,1925,1019,4987
ini,full,4,21,1785,3340,6418
ini,full,5,21,1288,295,5121
ini,full,6,21,587,460,8177
ini,full,7,21,425,290,5104
ini,full,8,21,588,472,8188
ini,full,9,21,438,292,5108
ini,full,10,21,631,491,8056
ini,full,11,21,636,493,8097
ini,full,12,21,526,365,6380
ini,full,13,21,618,462,8010
ini,full,14,21,463,321,5179
ini,full,15,21,639,471,8022
ini,full,16,21,502,378,6378
ini,full,17,21,532,384,6410
ini,full,18,21,614,598,8026
ini,full,19,21,602,470,8021
ini,full,20,21,609,461,8082
ini,delta,1,21,597,437,7968
ini,delta,2,21,664,963,15940
ini,delta,3,21,460,1168,20927
ini,delta,4,21,509,1560,27344
ini,delta,5,21,423,1960,32464
ini,delta,6,21,753,2469,40640
ini,delta,7,21,466,2632,45743
ini,delta,8,21,628,3105,53914
ini,delta,9,21,447,3603,59006
ini,delta,10,21,614,3640,67045
ini,delta,11,21,614,4171,75126
ini,delta,12,21,472,4550,81489
ini,delta,13,21,599,5080,89483
ini,delta,14,21,442,5460,94624
ini,delta,15,21,654,6465,102594
ini,delta,16,21,587,6558,108920
ini,delta,17,21,520,6645,115277
ini,delta,18,21,663,7149,123250
ini,delta,19,21,639,7481,131218
ini,delta,20,21,844,7826,139247
binary,full,1,21,178,114,2764
binary,full,2,21,123,105,2764
binary,full,3,21,99,72,1731
binary,full,4,21,126,90,2232
binary,full,5,21,110,73,1787
binary,full,6,21,128,103,2842
binary,full,7,21,105,82,1788
binary,full,8,21,130,131,2840
binary,full,9,21,116,313,1779
binary,full,10,21,158,818,2796
binary,full,11,21,156,590,2806
binary,full,12,21,116,395,2220
binary,full,13,21,146,629,2781
binary,full,14,21,106,291,1801
binary,full,15,21,129,541,2785
binary,full,16,21,123,408,2225
binary,full,17,21,110,475,2232
binary,full,18,21,143,662,2785
binary,full,19,21,126,497,2785
binary,full,20,21,133,666,2804
binary,delta,1,21,175,133,2764
binary,delta,2,21,131,241,5528
binary,delta,3,21,102,567,7259
binary,delta,4,21,115,380,9491
binary,delta,5,21,97,454,11278
binary,delta,6,21,123,587,14120
binary,delta,7,21,98,716,15908
binary,delta,8,21,117,742,18742
binary,delta,9,21,97,892,20515
binary,delta,10,21,126,988,23305
binary,delta,11,21,113,1063,26105
binary,delta,12,21,118,1208,28319
binary,delta,13,21,143,1219,31094
binary,delta,14,21,98,1441,32878
binary,delta,15,21,142,1613,35642
binary,delta,16,21,113,1567,37846
binary,delta,17,21,121,1725,40057
binary,delta,18,21,135,1890,42821
binary,delta,19,21,124,2111,45585
binary,delta,20,21,129,2487,48368
json,full,1,22,971,2216,3934
json,full,2,22,438,1216,3153
json,full,3,22,714,1177,3904
json,full,4,22,344,850,2541
json,full,5,22,224,217,3902
json,full,6,22,206,191,3880
json,full,7,22,156,134,2635
json,full,8,22,183,155,3246
json,full,9,22,232,206,3915
json,full,10,22,158,134,2588
json,full,11,22,159,134,2565
json,full,12,22,160,136,2518
json,full,13,22,164,138,2672
json,full,14,22,221,193,3933
json,full,15,22,168,164,3170
json,full,16,22,152,132,2578
json,full,17,22,196,200,3897
json,full,18,22,200,192,3896
json,full,19,22,204,190,3891
json,full,20,22,154,137,2519
json,delta,1,22,236,204,3873
json,delta,2,22,184,348,6955
json,delta,3,22,186,510,10788
json,delta,4,22,140,648,13258
json,delta,5,22,208,788,17089
json,delta,6,22,183,1021,20898
json,delta,7,22,180,1224,23462
json,delta,8,22,187,1309,26637
json,delta,9,22,205,1694,30481
json,delta,10,22,171,1760,32992
json,delta,11,22,156,1738,35473
json,delta,12,22,169,1965,37907
json,delta,13,22,170,2058,40495
json,delta,14,22,211,2302,44337
json,delta,15,22,199,2453,47416
json,delta,16,22,156,2500,49894
json,delta,17,22,202,2671,53691
json,delta,18,22,209,2955,57487
json,delta,19,22,200,3051,61268
json,delta,20,22,150,3127,63677
ini,full,1,22,672,448,8118
ini,full,2,22,484,342,6397
ini,full,3,22,1988,5540,8073
ini,full,4,22,1617,858,5058
ini,full,5,22,2218,2299,8071
ini,full,6,22,1540,3170,8044
ini,full,7,22,1609,1063,5180
ini,full,8,22,1513,1403,6564
ini,full,9,22,3390,478,8109
ini,full,10,22,432,307,5138
ini,full,11,22,463,302,5091
ini,full,12,22,443,282,5020
ini,full,13,22,458,308,5240
ini,full,14,22,649,460,8119
ini,full,15,22,535,369,6447
ini,full,16,22,441,302,5119
ini,full,17,22,628,470,8067
ini,full,18,22,615,464,8065
ini,full,19,22,617,478,8055
ini,full,20,22,451,298,5038
ini,delta,1,22,634,444,8118
ini,delta,2,22,499,758,14499
ini,delta,3,22,571,1250,22538
ini,delta,4,22,442,1558,27562
ini,delta,5,22,626,1997,35599
ini,delta,6,22,596,2400,43609
ini,delta,7,22,434,2732,48755
ini,delta,8,22,521,3254,55286
ini,delta,9,22,605,3551,63361
ini,delta,10,22,435,3846,68465
ini,delta,11,22,440,4120,73509
ini,delta,12,22,425,4406,78466
ini,delta,13,22,442,4896,83643
ini,delta,14,22,596,5155,91700
ini,delta,15,22,523,5565,98069
ini,delta,16,22,426,5845,103110
ini,delta,17,22,588,6205,111082
ini,delta,18,22,591,6900,119053
ini,delta,19,22,628,7252,127013
ini,delta,20,22,440,7597,131938
binary,full,1,22,165,112,2815
binary,full,2,22,110,86,2227
binary,full,3,22,113,91,2803
binary,full,4,22,92,68,1762
binary,full,5,22,129,105,2799
binary,full,6,22,107,109,2787
binary,full,7,22,93,78,1827
binary,full,8,22,118,95,2294
binary,full,9,22,163,115,2812
binary,full,10,22,95,77,1788
binary,full,11,22,95,74,1772
binary,full,12,22,100,78,1746
binary,full,13,22,95,74,1848
binary,full,14,22,112,102,2817
binary,full,15,22,96,88,2241
binary,full,16,22,136,339,1782
binary,full,17,22,141,562,2797
binary,full,18,22,148,505,2797
binary,full,19,22,132,597,2789
binary,full,20,22,98,388,1749
binary,delta,1,22,146,127,2815
binary,delta,2,22,109,189,5037
binary,delta,3,22,119,312,7827
binary,delta,4,22,102,386,9576
binary,delta,5,22,140,512,12362
binary,delta,6,22,138,676,15136
binary,delta,7,22,114,648,16950
binary,delta,8,22,127,773,19231
binary,delta,9,22,151,899,22030
binary,delta,10,22,107,909,23805
binary,delta,11,22,101,968,25560
binary,delta,12,22,104,1102,27284
binary,delta,13,22,123,1233,29110
binary,delta,14,22,132,1242,31905
binary,delta,15,22,123,1538,34119
binary,delta,16,22,96,1378,35874
binary,delta,17,22,127,1504,38638
binary,delta,18,22,115,1642,41402
binary,delta,19,22,134,1929,44158
binary,delta,20,22,112,1842,45866
json,full,1,23,250,177,3214
json,full,2,23,214,196,3834
json,full,3,23,153,137,2546
json,full,4,23,181,167,3221
json,full,5,23,207,201,3926
json,full,6,23,148,142,2687
json,full,7,23,204,192,3203
json,full,8,23,188,161,3171
json,full,9,23,188,145,2600
json,full,10,23,202,166,2492
json,full,11,23,266,234,3891
json,full,12,23,184,175,2529
json,full,13,23,185,145,2649
json,full,14,23,171,141,2625
json,full,15,23,229,221,3993
json,full,16,23,234,190,3287
json,full,17,23,199,196,2658
json,full,18,23,234,223,3221
json,full,19,23,230,193,2577
json,full,20,23,179,162,2613
json,delta,1,23,211,167,3154
json,delta,2,23,233,360,6927
json,delta,3,23,171,497,9412
json,delta,4,23,206,665,12572
json,delta,5,23,228,849,16437
json,delta,6,23,171,1015,19063
json,delta,7,23,197,1135,22205
json,delta,8,23,188,1274,25315
json,delta,9,23,163,1401,27854
json,delta,10,23,172,1602,30285
json,delta,11,23,212,1702,34115
json,delta,12,23,154,2562,36583
json,delta,13,23,156,1804,39158
json,delta,14,23,159,1989,41708
json,delta,15,23,203,2268,45619
json,delta,16,23,181,2435,48812
json,delta,17,23,153,2649,51376
json,delta,18,23,198,2720,54493
json,delta,19,23,169,3126,56966
json,delta,20,23,180,2825,59475
ini,full,1,23,600,372,6513
ini,full,2,23,618,471,7958
ini,full,3,23,2108,1808,5078
ini,full,4,23,2730,1669,6508
ini,full,5,23,3058,1781,8117
ini,full,6,23,2349,1677,5260
ini,full,7,23,1863,1425,6507
ini,full,8,23,529,372,6445
ini,full,9,23,452,279,5169
ini,full,10,23,448,294,4970
ini,full,11,23,627,469,8052
ini,full,12,23,436,294,5037
ini,full,13,23,436,305,5182
ini,full,14,23,617,301,5201
ini,full,15,23,619,464,8224
ini,full,16,23,481,357,6595
ini,full,17,23,411,278,5219
ini,full,18,23,517,384,6519
ini,full,19,23,459,302,5118
ini,full,20,23,445,312,5183
ini,delta,1,23,572,363,6513
ini,delta,2,23,631,866,14456
ini,delta,3,23,468,1181,19518
ini,delta,4,23,540,1541,26011
ini,delta,5,23,632,2018,34112
ini,delta,6,23,469,2449,39357
ini,delta,7,23,559,2532,45849
ini,delta,8,23,537,2972,52279
ini,delta,9,23,448,3275,57432
ini,delta,10,23,450,3498,62386
ini,delta,11,23,621,4147,70422
ini,delta,12,23,438,4494,75444
ini,delta,13,23,442,4877,80610
ini,delta,14,23,456,4681,85774
ini,delta,15,23,632,5507,93960
ini,delta,16,23,536,5845,100502
ini,delta,17,23,472,6056,105648
ini,delta,18,23,534,6488,112094
ini,delta,19,23,459,6710,117121
ini,delta,20,23,489,7212,122214
binary,full,1,23,173,362,2268
binary,full,2,23,157,491,2753
binary,full,3,23,132,356,1765
binary,full,4,23,132,480,2276
binary,full,5,23,152,606,2814
binary,full,6,23,123,367,1857
binary,full,7,23,150,506,2267
binary,full,8,23,129,423,2241
binary,full,9,23,113,308,1802
binary,full,10,23,116,343,1729
binary,full,11,23,140,539,2795
binary,full,12,23,99,363,1755
binary,full,13,23,102,340,1826
binary,full,14,23,103,295,1817
binary,full,15,23,135,512,2854
binary,full,16,23,121,457,2315
binary,full,17,23,97,84,1841
binary,full,18,23,130,100,2275
binary,full,19,23,98,72,1789
binary,full,20,23,90,77,1811
binary,delta,1,23,151,107,2268
binary,delta,2,23,138,206,5016
binary,delta,3,23,112,279,6776
binary,delta,4,23,135,405,9047
binary,delta,5,23,161,475,11856
binary,delta,6,23,105,579,13708
binary,delta,7,23,118,739,15970
binary,delta,8,23,128,709,18206
binary,delta,9,23,106,828,20003
binary,delta,10,23,118,933,21727
binary,delta,11,23,148,1039,24517
binary,delta,12,23,112,1241,26267
binary,delta,13,23,110,1301,28088
binary,delta,14,23,125,1372,29889
binary,delta,15,23,151,1392,32727
binary,delta,16,23,129,1552,35021
binary,delta,17,23,117,1571,36831
binary,delta,18,23,128,1518,39075
binary,delta,19,23,114,1935,40825
binary,delta,20,23,116,1613,42597
json,full,1,24,231,150,2520
json,full,2,24,223,187,3894
json,full,3,24,204,193,3947
json,full,4,24,202,180,3925
json,full,5,24,145,148,2496
json,full,6,24,148,130,2542
json,full,7,24,223,202,3889
json,full,8,24,209,169,3181
json,full,9,24,229,346,3999
json,full,10,24,182,138,2704
json,full,11,24,221,214,3951
json,full,12,24,188,164,3202
json,full,13,24,181,152,3191
json,full,14,24,169,136,2552
json,full,15,24,211,190,3930
json,full,16,24,174,161,3159
json,full,17,24,197,194,3979
json,full,18,24,216,199,4045
json,full,19,24,217,202,4042
json,full,20,24,209,195,3249
json,delta,1,24,168,141,2466
json,delta,2,24,218,324,6305
json,delta,3,24,186,494,10192
json,delta,4,24,185,685,14050
json,delta,5,24,146,849,16466
json,delta,6,24,152,982,18914
json,delta,7,24,190,1135,22709
json,delta,8,24,174,1253,25789
json,delta,9,24,214,1511,29687
json,delta,10,24,164,2052,32290
json,delta,11,24,248,1852,36133
json,delta,12,24,178,2542,39227
json,delta,13,24,201,2098,42301
json,delta,14,24,159,2273,44736
json,delta,15,24,305,2534,48542
json,delta,16,24,190,2550,51577
json,delta,17,24,208,3065,55420
json,delta,18,24,243,2923,59329
json,delta,19,24,215,3392,63235
json,delta,20,24,205,3447,66348
ini,full,1,24,513,294,5020
ini,full,2,24,616,460,8070
ini,full,3,24,578,443,8158
ini,full,4,24,4818,2798,8113
ini,full,5,24,2440,1348,4971
ini,full,6,24,1810,956,5030
ini,full,7,24,2830,3684,8043
ini,full,8,24,2429,2379,6451
ini,full,9,24,2376,1763,8251
ini,full,10,24,476,324,5303
ini,full,11,24,640,591,8146
ini,full,12,24,541,362,6493
ini,full,13,24,537,379,6476
ini,full,14,24,484,320,5078
ini,full,15,24,654,490,8137
ini,full,16,24,572,399,6429
ini,full,17,24,671,537,8193
ini,full,18,24,666,491,8329
ini,full,19,24,655,489,8327
ini,full,20,24,563,396,6588
ini,delta,1,24,464,296,5020
ini,delta,2,24,611,798,13090
ini,delta,3,24,606,1332,21247
ini,delta,4,24,642,1664,29345
ini,delta,5,24,421,1905,34286
ini,delta,6,24,432,2225,39266
ini,delta,7,24,599,2698,47236
ini,delta,8,24,541,3069,53615
ini,delta,9,24,609,3489,61779
ini,delta,10,24,433,3772,66994
ini,delta,11,24,614,4455,75052
ini,delta,12,24,523,4904,81442
ini,delta,13,24,537,5088,87815
ini,delta,14,24,448,5425,92773
ini,delta,15,24,653,5758,100789
ini,delta,16,24,507,6061,107083
ini,delta,17,24,622,6496,115141
ini,delta,18,24,625,7356,123316
ini,delta,19,24,638,7328,131488
ini,delta,20,24,515,7747,137921
binary,full,1,24,158,90,1746
binary,full,2,24,131,105,2793
binary,full,3,24,130,110,2826
binary,full,4,24,119,103,2809
binary,full,5,24,94,72,1728
binary,full,6,24,106,76,1756
binary,full,7,24,135,121,2796
binary,full,8,24,105,86,2251
binary,full,9,24,129,111,2871
binary,full,10,24,96,79,1870
binary,full,11,24,110,109,2832
binary,full,12,24,110,97,2271
binary,full,13,24,119,212,2259
binary,full,14,24,152,397,1773
binary,full,15,24,153,537,2823
binary,full,16,24,126,408,2241
binary,full,17,24,149,582,2850
binary,full,18,24,139,537,2901
binary,full,19,24,131,492,2900
binary,full,20,24,127,588,2298
binary,delta,1,24,145,199,1746
binary,delta,2,24,123,1520,4539
binary,delta,3,24,129,2793,7365
binary,delta,4,24,121,431,10170
binary,delta,5,24,97,508,11889
binary,delta,6,24,116,649,13625
binary,delta,7,24,139,694,16389
binary,delta,8,24,121,760,18608
binary,delta,9,24,122,926,21442
binary,delta,10,24,104,957,23275
binary,delta,11,24,131,1073,26070
binary,delta,12,24,125,1171,28299
binary,delta,13,24,136,1303,30516
binary,delta,14,24,120,1532,32240
binary,delta,15,24,145,1940,35014
binary,delta,16,24,110,1518,37202
binary,delta,17,24,133,1661,39999
binary,delta,18,24,146,1760,42837
binary,delta,19,24,137,1848,45674
binary,delta,20,24,115,1987,47909
json,full,1,25,278,196,3853
json,full,2,25,147,126,2623
json,full,3,25,160,146,3136
json,full,4,25,158,150,3233
json,full,5,25,138,124,2686
json,full,6,25,215,192,3904
json,full,7,25,209,193,3860
json,full,8,25,228,200,3961
json,full,9,25,191,132,2533
json,full,10,25,163,130,2653
json,full,11,25,165,138,2631
json,full,12,25,156,124,2570
json,full,13,25,208,185,3958
json,full,14,25,209,192,3913
json,full,15,25,177,149,3200
json,full,16,25,200,181,3989
json,full,17,25,169,146,3210
json,full,18,25,204,187,3908
json,full,19,25,179,155,3118
json,full,20,25,209,193,3987
json,delta,1,25,218,186,3798
json,delta,2,25,152,305,6366
json,delta,3,25,197,474,9447
json,delta,4,25,187,668,12625
json,delta,5,25,164,774,15243
json,delta,6,25,221,1021,19079
json,delta,7,25,221,1196,22871
json,delta,8,25,214,1306,26752
json,delta,9,25,165,1462,29198
json,delta,10,25,161,1552,31764
json,delta,11,25,168,1728,34308
json,delta,12,25,165,1964,36791
json,delta,13,25,198,2116,40662
json,delta,14,25,209,2179,44488
json,delta,15,25,190,2378,47601
json,delta,16,25,213,2628,51502
json,delta,17,25,211,2685,54617
json,delta,18,25,219,2810,58421
json,delta,19,25,180,3016,61422
json,delta,20,25,214,3394,65292
ini,full,1,25,670,487,7973
ini,full,2,25,1762,1012,5151
ini,full,3,25,1596,2283,6397
ini,full,4,25,2579,1811,6519
ini,full,5,25,1544,866,5240
ini,full,6,25,2510,1810,8065
ini,full,7,25,2966,518,7990
ini,full,8,25,611,465,8149
ini,full,9,25,413,306,5045
ini,full,10,25,423,275,5205
ini,full,11,25,437,309,5216
ini,full,12,25,409,276,5118
ini,full,13,25,602,468,8165
ini,full,14,25,579,477,8090
ini,full,15,25,521,377,6490
ini,full,16,25,633,479,8225
ini,full,17,25,529,384,6502
ini,full,18,25,621,456,8062
ini,full,19,25,492,345,6350
ini,full,20,25,619,484,8217
ini,delta,1,25,587,451,7973
ini,delta,2,25,451,811,13123
ini,delta,3,25,521,1081,19519
ini,delta,4,25,544,1510,26037
ini,delta,5,25,446,1753,31276
ini,delta,6,25,618,2302,39318
ini,delta,7,25,662,2730,47285
ini,delta,8,25,619,3082,55411
ini,delta,9,25,446,3504,60413
ini,delta,10,25,440,3704,65561
ini,delta,11,25,454,3986,70719
ini,delta,12,25,452,4350,75779
ini,delta,13,25,599,4648,83886
ini,delta,14,25,602,5127,91918
ini,delta,15,25,521,5734,98351
ini,delta,16,25,620,5954,106518
ini,delta,17,25,533,6624,112962
ini,delta,18,25,683,6915,120950
ini,delta,19,25,547,7336,127209
ini,delta,20,25,630,7633,135315
binary,full,1,25,174,119,2764
binary,full,2,25,108,79,1814
binary,full,3,25,108,88,2218
binary,full,4,25,110,95,2284
binary,full,5,25,106,79,1852
binary,full,6,25,128,280,2802
binary,full,7,25,143,564,2776
binary,full,8,25,152,520,2834
binary,full,9,25,106,260,1760
binary,full,10,25,111,240,1840
binary,full,11,25,136,311,1825
binary,full,12,25,119,253,1782
binary,full,13,25,154,284,2839
binary,full,14,25,156,620,2813
binary,full,15,25,136,410,2267
binary,full,16,25,146,441,2862
binary,full,17,25,127,426,2270
binary,full,18,25,151,636,2803
binary,full,19,25,122,373,2206
binary,full,20,25,128,499,2861
binary,delta,1,25,156,125,2764
binary,delta,2,25,116,214,4578
binary,delta,3,25,138,355,6796
binary,delta,4,25,136,405,9080
binary,delta,5,25,338,563,10932
binary,delta,6,25,170,717,13722
binary,delta,7,25,167,829,16486
binary,delta,8,25,154,822,19308
binary,delta,9,25,109,888,21046
binary,delta,10,25,116,1080,22859
binary,delta,11,25,112,1118,24657
binary,delta,12,25,120,1131,26412
binary,delta,13,25,156,1257,29224
binary,delta,14,25,134,1317,32010
binary,delta,15,25,122,1388,34250
binary,delta,16,25,137,1628,37085
binary,delta,17,25,133,1625,39328
binary,delta,18,25,143,1777,42099
binary,delta,19,25,127,1812,44266
binary,delta,20,25,145,1956,47077
json,full,1,26,1043,2480,3887
json,full,2,26,230,199,3936
json,full,3,26,153,127,2588
json,full,4,26,165,133,2642
json,full,5,26,241,200,3974
json,full,6,26,193,157,2605
json,full,7,26,227,194,3854
json,full,8,26,188,158,2704
json,full,9,26,182,146,2704
json,full,10,26,201,174,3875
json,full,11,26,204,179,4013
json,full,12,26,141,117,2526
json,full,13,26,141,117,2528
json,full,14,26,157,131,2578
json,full,15,26,148,123,2706
json,full,16,26,146,120,2604
json,full,17,26,181,156,3227
json,full,18,26,161,130,2636
json,full,19,26,156,129,2548
json,full,20,26,175,151,3280
json,delta,1,26,220,188,3833
json,delta,2,26,211,355,7707
json,delta,3,26,163,521,10222
json,delta,4,26,150,584,12791
json,delta,5,26,207,839,16692
json,delta,6,26,182,984,19217
json,delta,7,26,208,1174,22991
json,delta,8,26,168,1233,25615
json,delta,9,26,157,1350,28239
json,delta,10,26,210,1547,32034
json,delta,11,26,220,1781,35954
json,delta,12,26,151,1954,38387
json,delta,13,26,150,2028,40821
json,delta,14,26,156,2110,43305
json,delta,15,26,158,2255,45910
json,delta,16,26,156,2504,48413
json,delta,17,26,186,2480,51539
json,delta,18,26,172,2627,54060
json,delta,19,26,160,2859,56493
json,delta,20,26,184,2987,59658
ini,full,1,26,678,454,8039
ini,full,2,26,611,472,8119
ini,full,3,26,2142,2406,5125
ini,full,4,26,2222,1786,5186
ini,full,5,26,2874,2769,8202
ini,full,6,26,1907,1679,5177
ini,full,7,26,2947,590,7994
ini,full,8,26,434,299,5294
ini,full,9,26,449,311,5294
ini,full,10,26,597,457,8021
ini,full,11,26,619,465,8246
ini,full,12,26,428,290,5028
ini,full,13,26,435,293,5029
ini,full,14,26,445,302,5133
ini,full,15,26,433,309,5299
ini,full,16,26,444,320,5175
ini,full,17,26,540,384,6540
ini,full,18,26,465,311,5202
ini,full,19,26,440,304,5066
ini,full,20,26,581,434,6592
ini,delta,1,26,616,1845,8039
ini,delta,2,26,671,947,16158
ini,delta,3,26,471,1193,21266
ini,delta,4,26,428,1513,26417
ini,delta,5,26,626,1940,34584
ini,delta,6,26,464,2239,39725
ini,delta,7,26,624,2671,47669
ini,delta,8,26,461,2989,52912
ini,delta,9,26,453,3284,58155
ini,delta,10,26,599,3679,66125
ini,delta,11,26,633,4171,74320
ini,delta,12,26,426,4472,79276
ini,delta,13,26,429,4792,84233
ini,delta,14,26,437,5045,89294
ini,delta,15,26,463,5307,94520
ini,delta,16,26,468,5572,99607
ini,delta,17,26,525,6011,106059
ini,delta,18,26,447,6244,111173
ini,delta,19,26,444,6484,116129
ini,delta,20,26,537,6863,122611
binary,full,1,26,188,127,2787
binary,full,2,26,131,100,2817
binary,full,3,26,98,74,1787
binary,full,4,26,98,75,1829
binary,full,5,26,126,101,2849
binary,full,6,26,97,71,1799
binary,full,7,26,134,109,2768
binary,full,8,26,98,73,1872
binary,full,9,26,96,85,1871
binary,full,10,26,137,110,2784
binary,full,11,26,129,103,2870
binary,full,12,26,100,71,1755
binary,full,13,26,96,76,1755
binary,full,14,26,103,75,1788
binary,full,15,26,102,78,1868
binary,full,16,26,105,231,1808
binary,full,17,26,129,336,2288
binary,full,18,26,108,288,1821
binary,full,19,26,99,328,1772
binary,full,20,26,113,341,2322
binary,delta,1,26,165,132,2787
binary,delta,2,26,135,229,5604
binary,delta,3,26,113,325,7384
binary,delta,4,26,101,355,9198
binary,delta,5,26,138,487,12032
binary,delta,6,26,99,573,13816
binary,delta,7,26,126,684,16564
binary,delta,8,26,101,757,18416
binary,delta,9,26,116,894,20267
binary,delta,10,26,141,1010,23031
binary,delta,11,26,141,1102,25881
binary,delta,12,26,109,1204,27605
binary,delta,13,26,111,1179,29329
binary,delta,14,26,113,1291,31086
binary,delta,15,26,107,1452,32923
binary,delta,16,26,105,1495,34695
binary,delta,17,26,132,1655,36947
binary,delta,18,26,107,1613,38732
binary,delta,19,26,117,1730,40456
binary,delta,20,26,123,1781,42730
json,full,1,27,868,2004,3200
json,full,2,27,794,1851,3189
json,full,3,27,531,1212,3126
json,full,4,27,546,1002,2631
json,full,5,27,643,1770,3184
json,full,6,27,770,1518,3135
json,full,7,27,433,1197,3131
json,full,8,27,155,130,2505
json,full,9,27,204,179,3938
json,full,10,27,212,175,3851
json,full,11,27,198,183,3979
json,full,12,27,155,133,2562
json,full,13,27,168,144,3205
json,full,14,27,161,147,3229
json,full,15,27,147,133,2697
json,full,16,27,166,151,3251
json,full,17,27,156,129,2649
json,full,18,27,193,177,3932
json,full,19,27,206,197,3910
json,full,20,27,155,129,2667
json,delta,1,27,219,173,3146
json,delta,2,27,171,313,6281
json,delta,3,27,170,468,9352
json,delta,4,27,158,636,11916
json,delta,5,27,244,773,15025
json,delta,6,27,182,897,18085
json,delta,7,27,177,1058,21141
json,delta,8,27,155,1223,23571
json,delta,9,27,210,1393,27434
json,delta,10,27,221,1562,31210
json,delta,11,27,210,1769,35114
json,delta,12,27,152,1860,37591
json,delta,13,27,181,2061,40699
json,delta,14,27,185,2146,43830
json,delta,15,27,162,2270,46429
json,delta,16,27,191,2461,49582
json,delta,17,27,158,2614,52133
json,delta,18,27,217,2756,55955
json,delta,19,27,208,2938,59755
json,delta,20,27,155,3180,62312
ini,full,1,27,2494,4438,6496
ini,full,2,27,2573,1423,6461
ini,full,3,27,1886,1934,6361
ini,full,4,27,1671,1458,5132
ini,full,5,27,1754,2681,6460
ini,full,6,27,2302,912,6362
ini,full,7,27,490,356,6359
ini,full,8,27,425,289,4991
ini,full,9,27,615,452,8136
ini,full,10,27,594,428,7984
ini,full,11,27,588,469,8207
ini,full,12,27,447,300,5077
ini,full,13,27,532,356,6468
ini,full,14,27,529,368,6552
ini,full,15,27,444,301,5288
ini,full,16,27,541,384,6579
ini,full,17,27,444,297,5241
ini,full,18,27,579,461,8109
ini,full,19,27,609,466,8071
ini,full,20,27,445,300,5211
ini,delta,1,27,523,371,6496
ini,delta,2,27,483,674,12957
ini,delta,3,27,499,1056,19318
ini,delta,4,27,436,1364,24449
ini,delta,5,27,531,1759,30887
ini,delta,6,27,501,2056,37212
ini,delta,7,27,498,2401,43533
ini,delta,8,27,424,2760,48486
ini,delta,9,27,648,3249,56585
ini,delta,10,27,642,3667,64531
ini,delta,11,27,622,4133,72701
ini,delta,12,27,431,4411,77741
ini,delta,13,27,536,4760,84154
ini,delta,14,27,517,5351,90630
ini,delta,15,27,452,5341,95841
ini,delta,16,27,510,5850,102344
ini,delta,17,27,447,6057,107509
ini,delta,18,27,613,6511,115541
ini,delta,19,27,605,6902,123516
ini,delta,20,27,433,7242,128631
binary,full,1,27,161,393,2262
binary,full,2,27,117,374,2253
binary,full,3,27,116,389,2211
binary,full,4,27,108,406,1815
binary,full,5,27,122,394,2252
binary,full,6,27,111,384,2221
binary,full,7,27,107,318,2221
binary,full,8,27,100,312,1741
binary,full,9,27,134,525,2826
binary,full,10,27,136,580,2765
binary,full,11,27,137,616,2850
binary,full,12,27,102,364,1771
binary,full,13,27,117,394,2261
binary,full,14,27,119,372,2281
binary,full,15,27,105,382,1871
binary,full,16,27,113,394,2297
binary,full,17,27,115,279,1837
binary,full,18,27,129,449,2819
binary,full,19,27,119,101,2809
binary,full,20,27,89,72,1849
binary,delta,1,27,120,90,2262
binary,delta,2,27,95,160,4515
binary,delta,3,27,99,258,6726
binary,delta,4,27,85,315,8541
binary,delta,5,27,103,438,10782
binary,delta,6,27,103,510,12986
binary,delta,7,27,101,624,15190
binary,delta,8,27,98,682,16914
binary,delta,9,27,148,857,19723
binary,delta,10,27,123,859,22471
binary,delta,11,27,127,1087,25304
binary,delta,12,27,108,1067,27058
binary,delta,13,27,123,1220,29294
binary,delta,14,27,122,1319,31540
binary,delta,15,27,130,1326,33376
binary,delta,16,27,116,1535,35638
binary,delta,17,27,110,1478,37440
binary,delta,18,27,133,1635,40224
binary,delta,19,27,137,1848,42988
binary,delta,20,27,103,1827,44792
json,full,1,28,251,147,2558
json,full,2,28,201,185,3935
json,full,3,28,165,152,3143
json,full,4,28,188,182,3895
json,full,5,28,173,167,3179
json,full,6,28,157,142,2692
json,full,7,28,178,163,3162
json,full,8,28,216,200,3898
json,full,9,28,211,187,3988
json,full,10,28,159,134,2509
json,full,11,28,162,138,2644
json,full,12,28,187,156,3159
json,full,13,28,200,183,3979
json,full,14,28,214,179,3867
json,full,15,28,158,123,2483
json,full,16,28,196,181,3871
json,full,17,28,165,142,3133
json,full,18,28,207,194,3886
json,full,19,28,154,135,2738
json,full,20,28,195,164,3231
json,delta,1,28,173,138,2492
json,delta,2,28,209,337,6360
json,delta,3,28,160,477,9436
json,delta,4,28,197,685,13264
json,delta,5,28,187,846,16376
json,delta,6,28,161,959,19001
json,delta,7,28,201,1149,22096
json,delta,8,28,217,1310,25927
json,delta,9,28,218,1462,29841
json,delta,10,28,155,1588,32276
json,delta,11,28,168,1783,34846
json,delta,12,28,191,2003,37931
json,delta,13,28,215,2084,41836
json,delta,14,28,216,2230,45629
json,delta,15,28,154,2379,48037
json,delta,16,28,209,2586,51833
json,delta,17,28,184,2724,54891
json,delta,18,28,214,2903,58693
json,delta,19,28,161,3217,61334
json,delta,20,28,183,3381,64468
ini,full,1,28,1783,1370,5078
ini,full,2,28,2697,2634,8126
ini,full,3,28,1898,2729,6388
ini,full,4,28,2749,1425,8055
ini,full,5,28,1952,1981,6454
ini,full,6,28,1304,651,5266
ini,full,7,28,508,351,6412
ini,full,8,28,581,428,8059
ini,full,9,28,605,439,8211
ini,full,10,28,457,289,4995
ini,full,11,28,441,310,5228
ini,full,12,28,546,361,6393
ini,full,13,28,618,478,8207
ini,full,14,28,615,453,8005
ini,full,15,28,437,294,4962
ini,full,16,28,585,433,8008
ini,full,17,28,504,369,6361
ini,full,18,28,587,430,8023
ini,full,19,28,459,298,5324
ini,full,20,28,521,376,6496
ini,delta,1,28,426,291,5078
ini,delta,2,28,584,741,13182
ini,delta,3,28,496,1070,19548
ini,delta,4,28,595,1590,27582
ini,delta,5,28,490,1933,34014
ini,delta,6,28,441,2228,39258
ini,delta,7,28,511,2699,45649
ini,delta,8,28,603,3022,53686
ini,delta,9,28,611,3484,61875
ini,delta,10,28,430,3748,66833
ini,delta,11,28,459,4058,72024
ini,delta,12,28,514,4587,78381
ini,delta,13,28,604,4888,86552
ini,delta,14,28,609,5300,94520
ini,delta,15,28,444,5571,99444
ini,delta,16,28,618,6205,107415
ini,delta,17,28,518,6478,113738
ini,delta,18,28,607,6878,121724
ini,delta,19,28,438,7482,126993
ini,delta,20,28,528,7514,133413
binary,full,1,28,158,216,1767
binary,full,2,28,143,516,2823
binary,full,3,28,135,380,2225
binary,full,4,28,132,488,2800
binary,full,5,28,120,407,2250
binary,full,6,28,106,367,1863
binary,full,7,28,128,451,2238
binary,full,8,28,133,515,2801
binary,full,9,28,137,472,2854
binary,full,10,28,106,257,1740
binary,full,11,28,104,423,1831
binary,full,12,28,121,332,2236
binary,full,13,28,152,478,2850
binary,full,14,28,218,523,2780
binary,full,15,28,130,397,1724
binary,full,16,28,156,567,2780
binary,full,17,28,117,417,2220
binary,full,18,28,169,649,2787
binary,full,19,28,130,101,1890
binary,full,20,28,138,110,2286
binary,delta,1,28,116,93,1767
binary,delta,2,28,125,208,4579
binary,delta,3,28,178,269,6793
binary,delta,4,28,120,403,9582
binary,delta,5,28,96,463,11821
binary,delta,6,28,95,561,13673
binary,delta,7,28,113,646,15900
binary,delta,8,28,117,736,18690
binary,delta,9,28,141,854,21533
binary,delta,10,28,105,925,23257
binary,delta,11,28,102,961,25072
binary,delta,12,28,135,1133,27292
binary,delta,13,28,124,1170,30126
binary,delta,14,28,148,1464,32890
binary,delta,15,28,97,1413,34598
binary,delta,16,28,129,1501,37362
binary,delta,17,28,121,1616,39566
binary,delta,18,28,138,1657,42337
binary,delta,19,28,123,1965,44204
binary,delta,20,28,145,1967,46456
json,full,1,29,299,201,3978
json,full,2,29,159,136,2704
json,full,3,29,190,190,3955
json,full,4,29,189,185,3870
json,full,5,29,186,185,3873
json,full,6,29,201,205,3885
json,full,7,29,201,186,3961
json,full,8,29,182,182,3957
json,full,9,29,168,167,3148
json,full,10,29,177,151,3194
json,full,11,29,170,171,3258
json,full,12,29,181,152,3144
json,full,13,29,137,125,2497
json,full,14,29,159,153,3147
json,full,15,29,206,189,3922
json,full,16,29,169,167,3164
json,full,17,29,168,167,3151
json,full,18,29,174,161,3181
json,full,19,29,150,146,2745
json,full,20,29,146,132,2582
json,delta,1,29,230,202,3911
json,delta,2,29,170,320,6547
json,delta,3,29,188,501,10424
json,delta,4,29,182,654,14216
json,delta,5,29,196,894,18011
json,delta,6,29,219,1078,21818
json,delta,7,29,237,1254,25691
json,delta,8,29,209,1424,29560
json,delta,9,29,175,1577,32620
json,delta,10,29,180,1718,35726
json,delta,11,29,194,1986,38896
json,delta,12,29,188,2127,41952
json,delta,13,29,157,2140,44361
json,delta,14,29,186,2328,47420
json,delta,15,29,209,2558,51253
json,delta,16,29,180,2696,54319
json,delta,17,29,183,2789,57372
json,delta,18,29,186,2926,60455
json,delta,19,29,158,3145,63089
json,delta,20,29,147,3313,65560
ini,full,1,29,2668,1724,8186
ini,full,2,29,1709,1348,5301
ini,full,3,29,2466,2639,8145
ini,full,4,29,2717,1464,8008
ini,full,5,29,2482,489,8010
ini,full,6,29,567,444,8049
ini,full,7,29,613,455,8159
ini,full,8,29,606,462,8163
ini,full,9,29,514,363,6384
ini,full,10,29,526,394,6485
ini,full,11,29,517,384,6584
ini,full,12,29,539,376,6380
ini,full,13,29,421,289,4983
ini,full,14,29,529,371,6383
ini,full,15,29,607,464,8098
ini,full,16,29,496,359,6400
ini,full,17,29,507,362,6395
ini,full,18,29,506,368,6475
ini,full,19,29,438,312,5339
ini,full,20,29,453,299,5123
ini,delta,1,29,634,523,8186
ini,delta,2,29,1539,731,13464
ini,delta,3,29,603,1206,21586
ini,delta,4,29,582,1638,29553
ini,delta,5,29,566,2093,37523
ini,delta,6,29,610,2648,45531
ini,delta,7,29,609,3071,53649
ini,delta,8,29,608,3516,61754
ini,delta,9,29,510,3831,68079
ini,delta,10,29,527,4220,74505
ini,delta,11,29,527,4737,81031
ini,delta,12,29,517,4931,87352
ini,delta,13,29,432,5213,92277
ini,delta,14,29,517,5532,98601
ini,delta,15,29,617,5949,106640
ini,delta,16,29,522,6336,112980
ini,delta,17,29,539,6701,119298
ini,delta,18,29,513,7331,125696
ini,delta,19,29,450,7363,130958
ini,delta,20,29,436,7734,135983
binary,full,1,29,193,119,2843
binary,full,2,29,103,74,1871
binary,full,3,29,124,102,2832
binary,full,4,29,123,102,2784
binary,full,5,29,129,102,2784
binary,full,6,29,121,100,2794
binary,full,7,29,126,100,2840
binary,full,8,29,121,103,2840
binary,full,9,29,113,87,2232
binary,full,10,29,106,84,2261
binary,full,11,29,116,403,2305
binary,full,12,29,122,319,2232
binary,full,13,29,106,151,1736
binary,full,14,29,119,426,2232
binary,full,15,29,134,527,2818
binary,full,16,29,133,437,2239
binary,full,17,29,115,386,2239
binary,full,18,29,142,428,2255
binary,full,19,29,124,304,1896
binary,full,20,29,121,444,1795
binary,delta,1,29,158,116,2843
binary,delta,2,29,127,181,4702
binary,delta,3,29,129,283,7522
binary,delta,4,29,135,422,10286
binary,delta,5,29,121,534,13050
binary,delta,6,29,143,679,15824
binary,delta,7,29,141,744,18644
binary,delta,8,29,134,854,21456
binary,delta,9,29,125,957,23660
binary,delta,10,29,123,1087,25893
binary,delta,11,29,126,1263,28170
binary,delta,12,29,121,1241,30374
binary,delta,13,29,107,1304,32082
binary,delta,14,29,119,1447,34286
binary,delta,15,29,141,1615,37076
binary,delta,16,29,121,1588,39287
binary,delta,17,29,131,1691,41491
binary,delta,18,29,120,1827,43711
binary,delta,19,29,109,1856,45572
binary,delta,20,29,108,1860,47321
